Date,Open,High,Low,Close
2006-01-03,12.18,12.24,11.83,12.18
2006-01-04,12.18,12.21,12.09,12.19
2006-01-05,12.25,12.66,12.25,12.46
2006-01-06,13.02,13.02,12.25,12.36
2006-01-09,12.41,12.81,12.41,12.78
2006-01-10,12.64,12.81,12.57,12.8
2006-01-11,12.8,13.0,12.62,12.98
2006-01-12,12.89,12.94,12.76,12.76
2006-01-13,12.82,13.13,12.8,13.05
2006-01-17,13.06,13.1,12.59,12.64
2006-01-18,12.53,13.02,12.53,12.9
2006-01-19,12.87,13.26,12.77,13.03
2006-01-20,13.06,13.39,13.01,13.32
2006-01-23,13.35,13.37,12.97,13.02
2006-01-24,13.11,13.45,13.09,13.37
2006-01-25,13.32,13.42,13.08,13.42
2006-01-26,13.5,13.88,13.49,13.86
2006-01-27,13.76,13.88,13.62,13.74
2006-01-30,13.74,13.75,13.42,13.45
2006-01-31,13.42,13.42,13.06,13.37
2006-02-01,13.345,13.55,13.18,13.41
2006-02-02,13.8,14.24,13.57,13.77
2006-02-03,13.67,13.88,13.43,13.44
2006-02-06,13.46,13.47,13.12,13.33
2006-02-07,13.3,13.6,13.18,13.19
2006-02-08,13.2,13.53,13.06,13.5
2006-02-09,13.464,13.7,13.2,13.24
2006-02-10,13.2,13.56,13.06,13.44
2006-02-13,13.44,13.5,13.16,13.22
2006-02-14,13.29,13.87,13.19,13.61
2006-02-15,13.51,13.79,13.36,13.62
2006-02-16,13.64,13.76,13.5,13.76
2006-02-17,13.76,13.78,13.6,13.75
2006-02-21,13.75,14.1,13.52,14.04
2006-02-22,13.35,13.36,12.65,12.74
2006-02-23,12.783,13.2,12.7,12.79
2006-02-24,12.59,12.81,12.48,12.8
2006-02-27,12.81,13.04,12.74,12.84
2006-02-28,12.84,12.9,12.68,12.71
2006-03-01,12.68,13.3,12.4,13.21
2006-03-02,13.21,13.21,12.96,13.09
2006-03-03,12.92,13.24,12.74,12.98
2006-03-06,13.01,13.01,12.8,12.97
2006-03-07,12.91,12.93,12.77,12.81
2006-03-08,12.81,13.26,12.67,13.2
2006-03-09,13.2,13.22,12.97,12.97
2006-03-10,12.97,13.35,12.82,13.32
2006-03-13,13.39,13.46,12.99,13.0
2006-03-14,12.95,13.17,12.8,13.09
2006-03-15,13.09,13.23,12.97,13.21
2006-03-16,13.25,13.55,13.15,13.45
2006-03-17,13.65,14.05,13.44,14.0
2006-03-20,13.95,14.04,13.75,13.9
2006-03-21,13.89,14.03,13.7,13.86
2006-03-22,13.8,14.11,13.7,13.99
2006-03-23,14.04,14.26,13.9,14.26
2006-03-24,14.3,14.38,14.2,14.38
2006-03-27,14.37,14.37,14.0,14.1
2006-03-28,13.99,14.15,13.86,13.89
2006-03-29,13.9,14.15,13.86,14.06
2006-03-30,14.1,14.11,13.86,13.94
2006-03-31,14.07,14.12,13.91,13.96
2006-04-03,14.18,14.18,13.81,13.81
2006-04-04,13.82,14.11,13.7,14.07
2006-04-05,14.13,14.35,14.04,14.26
2006-04-06,14.19,14.2,13.97,14.0
2006-04-07,14.02,14.17,13.66,13.69
2006-04-10,13.7,13.82,13.53,13.56
2006-04-11,13.64,13.65,13.26,13.27
2006-04-12,13.27,13.51,13.16,13.4
2006-04-13,13.3,13.68,13.21,13.59
2006-04-17,13.59,13.75,13.54,13.69
2006-04-18,13.79,14.43,13.73,14.35
2006-04-19,14.35,14.4,13.98,14.1
2006-04-20,14.16,14.89,14.12,14.77
2006-04-21,14.9,14.95,14.45,14.54
2006-04-24,14.42,14.54,14.17,14.29
2006-04-25,14.34,14.47,14.16,14.38
2006-04-26,14.43,14.58,14.36,14.5
2006-04-27,14.5,14.76,14.37,14.46
2006-04-28,14.47,14.68,14.32,14.45
2006-05-01,14.12,14.3,13.73,13.99
2006-05-02,14.11,14.39,14.08,14.23
2006-05-03,14.26,14.45,14.1,14.35
2006-05-04,14.45,14.68,14.36,14.57
2006-05-05,14.69,14.9,14.67,14.8
2006-05-08,14.77,14.96,14.71,14.82
2006-05-09,14.78,14.92,14.7,14.78
2006-05-10,14.73,15.02,14.69,14.74
2006-05-11,14.71,14.84,14.41,14.45
2006-05-12,14.35,14.36,13.95,13.96
2006-05-15,13.91,14.3,13.84,14.04
2006-05-16,14.0,14.0,13.79,13.92
2006-05-17,13.68,13.97,13.6301,13.8
2006-05-18,13.81,14.1,13.7,13.72
2006-05-19,13.72,14.04,13.62,13.84
2006-05-22,13.69,13.95,13.53,13.77
2006-05-23,14.0,14.03,13.47,13.51
2006-05-24,13.45,13.7,13.25,13.51
2006-05-25,16.0,16.99,15.25,16.31
2006-05-26,16.52,16.53,15.9,16.12
2006-05-30,16.15,16.15,15.81,15.87
2006-05-31,15.9,16.35,15.88,16.22
2006-06-01,16.22,16.53,16.12,16.53
2006-06-02,16.45,16.45,15.99,16.14
2006-06-05,16.14,16.4,15.77,15.81
2006-06-06,15.75,16.27,15.59,16.1
2006-06-07,16.16,16.55,16.15,16.19
2006-06-08,16.19,16.8,15.98,16.79
2006-06-09,16.8,16.83,16.1,16.33
2006-06-12,16.42,16.74,16.22,16.24
2006-06-13,16.21,16.4,15.72,15.82
2006-06-14,15.84,15.96,15.57,15.86
2006-06-15,16.0,16.38,15.99,16.28
2006-06-16,16.28,16.44,16.15,16.25
2006-06-19,16.28,16.31,15.9,15.99
2006-06-20,15.99,16.17,15.93,16.1
2006-06-21,16.11,16.55,16.08,16.37
2006-06-22,16.38,17.0,16.32,16.96
2006-06-23,16.97,17.2,16.25,16.37
2006-06-26,16.41,16.6,16.2,16.29
2006-06-27,16.22,16.23,15.97,16.1
2006-06-28,16.11,16.19,15.95,16.13
2006-06-29,16.3,17.03,16.3,16.98
2006-06-30,17.1,17.16,16.73,17.08
2006-07-03,17.08,17.08,16.84,16.87
2006-07-05,16.7,16.7,16.32,16.57
2006-07-06,16.68,16.87,16.65,16.82
2006-07-07,16.7,16.85,16.41,16.47
2006-07-10,16.48,16.75,16.42,16.66
2006-07-11,16.7,16.89,16.21,16.3
2006-07-12,16.4,16.5,16.2,16.3
2006-07-13,16.31,16.4,16.07,16.27
2006-07-14,16.19,16.2,15.95,16.0
2006-07-17,15.95,16.02,15.47,15.56
2006-07-18,15.56,15.57,15.05,15.35
2006-07-19,15.35,15.73,15.35,15.7
2006-07-20,15.7,16.15,15.7,15.97
2006-07-21,15.97,15.97,15.59,15.74
2006-07-24,15.75,16.0,15.67,15.97
2006-07-25,15.89,16.48,15.87,16.41
2006-07-26,16.3,16.36,15.95,16.05
2006-07-27,16.06,16.34,15.79,15.86
2006-07-28,15.91,16.26,15.84,16.19
2006-07-31,16.1,16.24,16.05,16.16
2006-08-01,16.03,16.11,15.7,15.88
2006-08-02,15.9,16.2,15.86,16.08
2006-08-03,16.4,17.21,16.29,16.9
2006-08-04,17.05,17.24,16.63,16.9
2006-08-07,16.9,17.41,16.75,17.35
2006-08-08,17.42,17.51,17.13,17.16
2006-08-09,17.3,17.68,17.14,17.15
2006-08-10,17.15,17.5,17.05,17.39
2006-08-11,17.28,17.5,17.06,17.46
2006-08-14,17.6,18.04,17.48,17.59
2006-08-15,17.75,17.85,17.6,17.77
2006-08-16,18.8,19.0,17.3,18.5
2006-08-17,18.34,18.49,17.9,18.25
2006-08-18,18.33,18.39,18.01,18.21
2006-08-21,18.21,18.49,18.06,18.44
2006-08-22,18.49,18.49,18.16,18.3
2006-08-23,18.25,18.26,17.73,17.82
2006-08-24,18.09,18.17,17.49,17.89
2006-08-25,17.86,18.06,17.82,18.0
2006-08-28,18.01,18.15,17.96,18.15
2006-08-29,18.15,18.35,18.02,18.3
2006-08-30,18.3,18.5,18.19,18.29
2006-08-31,18.4,18.46,18.27,18.35
2006-09-01,18.36,18.42,18.13,18.3
2006-09-05,18.31,18.34,18.16,18.3
2006-09-06,18.41,18.45,18.23,18.31
2006-09-07,18.31,18.47,18.124,18.34
2006-09-08,18.44,18.9,18.4,18.7
2006-09-11,18.41,19.29,18.41,19.25
2006-09-12,19.36,19.94,19.31,19.73
2006-09-13,19.7,20.57,19.64,20.54
2006-09-14,20.3,20.3,19.87,20.02
2006-09-15,20.02,20.39,19.17,19.57
2006-09-18,19.32,19.59,19.16,19.39
2006-09-19,19.32,20.09,19.3,19.6
2006-09-20,19.93,20.14,19.79,19.88
2006-09-21,19.95,19.95,19.56,19.69
2006-09-22,19.5,19.81,19.22,19.25
2006-09-25,19.25,19.82,19.12,19.77
2006-09-26,19.8,20.0,19.64,19.93
2006-09-27,19.93,20.36,19.82,20.32
2006-09-28,20.32,20.45,20.0,20.16
2006-09-29,20.09,20.28,19.8,19.81
2006-10-02,19.81,20.417,19.47,20.05
2006-10-03,20.13,20.55,19.88,20.46
2006-10-04,20.47,20.6,20.4,20.46
2006-10-05,20.49,20.6,20.22,20.43
2006-10-06,20.44,20.44,20.09,20.1
2006-10-09,20.0,20.0,19.59,19.89
2006-10-10,19.9,19.98,19.59,19.96
2006-10-11,19.96,20.36,19.9,20.33
2006-10-12,20.33,20.83,20.27,20.74
2006-10-13,20.73,20.95,20.63,20.85
2006-10-16,21.0,21.18,20.94,20.95
2006-10-17,20.95,20.97,20.46,20.9
2006-10-18,21.0,21.0,20.43,20.56
2006-10-19,20.39,20.84,20.35,20.55
2006-10-20,20.62,20.65,20.33,20.56
2006-10-23,20.56,20.88,20.33,20.81
2006-10-24,20.81,21.03,20.5,20.67
2006-10-25,20.8,20.93,20.2,20.44
2006-10-26,20.35,20.82,20.21,20.77
2006-10-27,20.74,20.74,19.813,20.17
2006-10-30,20.17,20.98,20.16,20.88
2006-10-31,20.98,21.18,20.9,21.08
2006-11-01,21.0,21.06,20.52,20.61
2006-11-02,20.6,20.68,20.3,20.58
2006-11-03,20.85,21.17,20.03,20.35
2006-11-06,20.55,21.71,20.55,21.57
2006-11-07,21.54,21.96,21.3,21.6
2006-11-08,21.5,21.76,21.31,21.59
2006-11-09,21.75,21.78,21.06,21.28
2006-11-10,21.37,21.59,21.27,21.47
2006-11-13,21.55,21.76,21.27,21.41
2006-11-14,21.5,21.61,21.3,21.53
2006-11-15,21.69,22.97,21.64,22.15
2006-11-16,24.45,26.36,23.1,23.1
2006-11-17,23.09,23.09,21.7,22.33
2006-11-20,22.4,22.63,22.23,22.5
2006-11-21,22.42,23.59,22.42,23.4
2006-11-22,23.19,23.42,23.102,23.16
2006-11-24,23.16,23.23,23.01,23.18
2006-11-27,22.93,23.02,22.36,22.42
2006-11-28,22.3,22.48,22.01,22.33
2006-11-29,22.48,22.7,22.2,22.42
2006-11-30,23.42,23.47,21.9,22.31
2006-12-01,22.2,22.47,21.48,21.81
2006-12-04,21.97,23.13,21.97,22.9
2006-12-05,22.99,23.25,22.45,23.01
2006-12-06,23.1,23.54,23.07,23.42
2006-12-07,23.5,23.58,23.17,23.31
2006-12-08,23.21,23.6,23.21,23.39
2006-12-11,23.4,23.71,23.33,23.68
2006-12-12,23.56,23.69,23.12,23.25
2006-12-13,22.91,23.32,22.85,23.12
2006-12-14,23.36,23.99,23.34,23.93
2006-12-15,24.0,24.05,23.8,23.98
2006-12-18,24.0,24.11,23.81,23.88
2006-12-19,23.65,23.7,23.09,23.46
2006-12-20,23.47,23.87,23.31,23.32
2006-12-21,23.32,24.05,23.32,23.57
2006-12-22,23.56,23.56,23.16,23.32
2006-12-26,23.0,23.18,22.79,23.06
2006-12-27,23.04,23.44,22.93,23.35
2006-12-28,23.35,23.5,23.0,23.24
2006-12-29,23.17,23.49,22.72,22.92
2007-01-03,23.08,23.47,22.76,22.84
2007-01-04,22.97,23.49,22.76,23.14
2007-01-05,23.14,23.57,22.71,23.22
2007-01-08,23.11,24.08,22.87,24.02
2007-01-09,24.12,24.72,24.05,24.5
2007-01-10,24.32,24.39,23.92,24.2
2007-01-11,24.43,26.14,24.25,25.48
2007-01-12,25.47,25.98,25.03,25.92
2007-01-16,25.98,26.09,25.79,25.89
2007-01-17,25.6,25.68,25.29,25.33
2007-01-18,25.52,25.9,25.3,25.75
2007-01-19,25.79,26.06,25.51,25.95
2007-01-22,25.95,25.98,25.19,25.71
2007-01-23,25.77,26.0,25.4,25.72
2007-01-24,25.95,26.25,25.68,25.95
2007-01-25,25.82,26.345,25.12,25.4
2007-01-26,25.5,25.74,25.15,25.69
2007-01-29,25.59,26.08,25.4678,26.01
2007-01-30,26.0,26.2,25.67,26.09
2007-01-31,25.97,26.08,25.76,25.93
2007-02-01,25.93,26.13,25.85,26.1
2007-02-02,26.13,26.33,25.86,26.0
2007-02-05,26.0,26.82,25.84,26.59
2007-02-06,26.65,26.8,26.408,26.6
2007-02-07,26.8,27.18,26.5,27.07
2007-02-08,27.0,27.49,26.85,27.42
2007-02-09,27.42,27.48,26.05,26.37
2007-02-12,26.46,26.52,26.1,26.18
2007-02-13,26.36,26.49,26.23,26.35
2007-02-14,26.49,26.58,26.29,26.41
2007-02-15,26.46,26.72,26.0505,26.67
2007-02-16,26.6,26.6,26.17,26.41
2007-02-20,26.38,26.6,26.25,26.53
2007-02-21,26.45,26.93,26.36,26.9
2007-02-22,26.9,26.95,26.35,26.56
2007-02-23,26.53,26.75,26.17,26.7
2007-02-26,26.7,26.87,26.29,26.55
2007-02-27,26.35,26.4,25.0,25.21
2007-02-28,25.15,25.36,24.13,25.01
2007-03-01,24.5,24.59,23.87,24.48
2007-03-02,24.48,24.66,24.02,24.07
2007-03-05,23.72,24.26,23.43,23.49
2007-03-06,23.9,24.22,23.582,24.09
2007-03-07,24.1,24.505,23.91,24.16
2007-03-08,24.36,24.99,24.36,24.75
2007-03-09,28.71,30.0,28.48,28.84
2007-03-12,29.5,29.95,29.32,29.81
2007-03-13,29.35,29.35,28.09,28.29
2007-03-14,28.0,30.44,27.99,30.04
2007-03-15,30.05,31.59,30.04,31.23
2007-03-16,31.24,31.2418,30.45,30.61
2007-03-19,31.15,31.75,30.87,31.48
2007-03-20,31.68,32.3,31.53,31.82
2007-03-21,32.05,32.88,31.84,32.4
2007-03-22,33.0,33.28,32.32,32.42
2007-03-23,32.42,33.38,32.2,33.17
2007-03-26,33.16,33.21,32.02,32.49
2007-03-27,32.15,32.36,31.8,32.06
2007-03-28,32.31,32.36,31.59,31.71
2007-03-29,32.0,32.43,31.6601,32.1
2007-03-30,31.8,32.1,31.05,31.28
2007-04-02,31.28,32.41,31.1,32.34
2007-04-03,32.44,33.71,32.44,33.16
2007-04-04,33.1,33.85,32.72,33.51
2007-04-05,33.57,34.14,33.09,33.86
2007-04-09,33.86,34.03,33.47,33.94
2007-04-10,33.94,34.55,33.86,34.26
2007-04-11,33.76,33.77,32.16,32.19
2007-04-12,31.95,32.59,31.68,32.55
2007-04-13,32.5,32.64,32.11,32.21
2007-04-16,32.4,32.75,31.94,32.6
2007-04-17,32.61,32.97,32.12,32.36
2007-04-18,32.11,32.39,31.9,32.11
2007-04-19,31.89,32.6,31.76,32.25
2007-04-20,32.93,32.94,32.05,32.17
2007-04-23,32.17,32.58,31.99,32.18
2007-04-24,32.18,32.53,31.9,32.27
2007-04-25,32.8,33.16,32.62,33.03
2007-04-26,32.78,33.19,32.54,32.9
2007-04-27,32.76,33.14,32.51,32.94
2007-04-30,32.69,32.7,32.19,32.2
2007-05-01,32.21,32.21,31.26,31.76
2007-05-02,31.85,32.26,31.78,32.18
2007-05-03,32.1,32.74,32.05,32.55
2007-05-04,33.28,33.28,32.34,32.75
2007-05-07,32.73,32.98,32.4,32.8
2007-05-08,32.84,33.11,32.52,33.08
2007-05-09,33.02,33.8,32.8,33.68
2007-05-10,33.67,33.9,33.1,33.5
2007-05-11,33.75,33.83,33.55,33.7
2007-05-14,33.6,33.65,33.02,33.13
2007-05-15,33.25,33.4,32.45,32.66
2007-05-16,32.71,33.0,32.21,32.84
2007-05-17,32.83,32.83,32.32,32.44
2007-05-18,32.44,33.17,32.35,33.03
2007-05-21,33.05,33.48,33.03,33.14
2007-05-22,33.19,33.47,33.16,33.28
2007-05-23,33.49,34.05,33.14,33.32
2007-05-24,33.4,33.58,32.85,32.89
2007-05-25,32.89,33.58,32.87,33.52
2007-05-29,33.61,34.46,33.56,34.34
2007-05-30,34.2,35.6,33.68,35.6
2007-05-31,36.15,36.15,31.49,31.5
2007-06-01,31.72,32.26,30.5,31.13
2007-06-04,31.13,32.12,30.67,31.95
2007-06-05,31.88,31.96,30.77,31.01
2007-06-06,31.02,31.25,30.63,31.08
2007-06-07,30.51,31.08,29.9,30.0
2007-06-08,30.01,30.59,29.5108,30.53
2007-06-11,30.44,30.55,29.92,30.36
2007-06-12,30.9,30.9,29.84,29.93
2007-06-13,30.08,30.46,29.66,30.1
2007-06-14,30.15,30.43,30.03,30.28
2007-06-15,30.58,30.9818,30.22,30.22
2007-06-18,30.21,30.43,29.55,29.91
2007-06-19,29.93,29.93,29.19,29.48
2007-06-20,29.73,29.85,29.25,29.32
2007-06-21,29.28,29.91,28.71,29.89
2007-06-22,29.89,30.11,29.19,29.68
2007-06-25,29.74,29.8,29.05,29.22
2007-06-26,29.32,29.75,28.9,28.9
2007-06-27,28.91,29.75,28.81,29.7
2007-06-28,29.3,30.44,29.01,30.41
2007-06-29,30.25,30.46,29.26,29.42
2007-07-02,29.69,30.47,29.69,30.3
2007-07-03,30.63,30.99,30.34,30.34
2007-07-05,30.35,30.35,29.8,30.05
2007-07-06,29.98,31.02,29.98,31.0
2007-07-09,31.1,31.1,30.35,30.5
2007-07-10,30.31,30.41,29.53,29.56
2007-07-11,29.79,29.92,29.44,29.73
2007-07-12,29.95,30.99,29.73,30.78
2007-07-13,30.85,30.85,30.3,30.49
2007-07-16,30.0,30.0,29.33,29.42
2007-07-17,29.42,29.5,29.0,29.0
2007-07-18,28.7,29.09,28.68,28.72
2007-07-19,28.83,29.1,28.8,28.96
2007-07-20,28.9,28.98,28.36,28.41
2007-07-23,28.6,28.77,28.23,28.45
2007-07-24,28.16,28.38,27.81,27.85
2007-07-25,28.0,28.19,27.77,28.1
2007-07-26,27.75,28.29,27.73,28.01
2007-07-27,28.0,28.13,27.21,27.21
2007-07-30,27.52,27.52,26.56,26.89
2007-07-31,26.89,26.95,25.78,25.86
2007-08-01,25.86,26.03,24.9,25.41
2007-08-02,25.42,26.43,25.39,26.24
2007-08-03,26.07,26.26,24.72,24.79
2007-08-06,24.91,27.19,24.84,26.91
2007-08-07,26.62,27.23,26.12,26.64
2007-08-08,26.53,26.97,25.85,26.61
2007-08-09,26.61,27.02,24.82,24.9
2007-08-10,24.78,27.23,24.01,26.0
2007-08-13,26.64,27.77,25.73,25.76
2007-08-14,24.01,25.94,23.74,23.93
2007-08-15,23.99,24.84,23.56,24.01
2007-08-16,24.17,25.03,23.0,24.54
2007-08-17,25.15,25.62,24.66,25.15
2007-08-20,25.37,26.17,25.27,25.88
2007-08-21,25.5,26.21,25.18,25.88
2007-08-22,26.45,26.77,25.94,26.52
2007-08-23,26.93,27.09,26.586,26.7
2007-08-24,26.92,27.78,26.8,27.62
2007-08-27,27.65,27.675,26.23,26.26
2007-08-28,25.95,26.4,24.99,26.3
2007-08-29,29.41,29.5,27.67,28.91
2007-08-30,28.5,29.2,28.05,28.98
2007-08-31,29.5,30.17,29.18,29.77
2007-09-04,29.79,30.33,29.31,30.08
2007-09-05,29.55,29.8,28.39,28.6
2007-09-06,28.8,29.17,28.6,28.9
2007-09-07,28.5,28.85,27.91,27.99
2007-09-10,28.25,28.6,27.85,28.22
2007-09-11,28.45,29.44,28.3,29.29
2007-09-12,29.33,30.28,29.23,29.88
2007-09-13,30.15,30.82,29.805,30.58
2007-09-14,30.0,30.21,29.36,29.65
2007-09-17,29.35,29.78,29.1,29.3
2007-09-18,29.72,31.11,29.55,30.96
2007-09-19,31.0,31.98,30.24,30.34
2007-09-20,30.49,30.84,30.12,30.73
2007-09-21,31.0,31.49,30.73,31.24
2007-09-24,31.1,31.4,30.67,30.96
2007-09-25,30.95,30.95,29.7,30.78
2007-09-26,30.9,31.6,30.82,31.48
2007-09-27,31.56,31.7,30.9,31.1
2007-09-28,31.05,31.05,29.7536,29.84
2007-10-01,29.6,30.02,29.54,29.87
2007-10-02,30.02,30.49,29.95,30.43
2007-10-03,30.06,30.51,29.67,30.09
2007-10-04,30.2,30.5,29.75,29.94
2007-10-05,30.37,31.0,30.04,30.75
2007-10-08,30.6,30.77,30.0,30.13
2007-10-09,30.19,30.23,29.18,29.55
2007-10-10,29.47,29.62,29.24,29.46
2007-10-11,29.8,30.17,29.23,29.41
2007-10-12,29.41,29.77,29.18,29.72
2007-10-15,29.73,29.95,28.02,28.17
2007-10-16,28.05,28.78,27.84,28.63
2007-10-17,28.87,29.81,28.5,29.14
2007-10-18,28.84,28.92,28.15,28.65
2007-10-19,28.43,28.53,26.53,26.83
2007-10-22,26.62,27.33,26.1,26.49
2007-10-23,26.49,26.96,25.55,26.33
2007-10-24,26.26,27.82,25.8,27.52
2007-10-25,25.08,25.08,22.8,23.02
2007-10-26,23.19,24.18,22.6,23.86
2007-10-29,24.04,25.08,24.02,24.63
2007-10-30,24.4,25.0,24.29,24.48
2007-10-31,24.29,24.91,23.62,23.98
2007-11-01,23.97,23.97,22.67,22.67
2007-11-02,22.69,23.76,22.37,23.29
2007-11-05,22.72,22.95,21.57,22.19
2007-11-06,22.17,22.49,21.4,21.83
2007-11-07,21.26,21.58,20.71,20.8
2007-11-08,20.81,21.77,20.74,21.17
2007-11-09,20.85,21.11,20.54,20.78
2007-11-12,21.01,21.49,20.26,20.39
2007-11-13,20.39,21.15,20.39,21.02
2007-11-14,21.19,21.63,21.06,21.2
2007-11-15,21.16,21.16,20.21,20.42
2007-11-16,20.52,20.73,19.72,19.87
2007-11-19,19.71,19.91,19.31,19.37
2007-11-20,19.39,20.22,19.17,19.78
2007-11-21,19.34,20.89,19.31,20.4
2007-11-23,20.9,21.17,20.68,20.87
2007-11-26,21.1,21.11,20.32,20.32
2007-11-27,20.24,20.39,19.47,19.82
2007-11-28,19.93,21.01,19.84,20.86
2007-11-29,21.03,21.03,19.87,20.49
2007-11-30,19.75,20.09,18.51,18.67
2007-12-03,18.89,18.89,17.38,17.57
2007-12-04,17.43,17.53,17.17,17.32
2007-12-05,17.52,17.79,17.2,17.54
2007-12-06,17.52,18.21,17.43,18.02
2007-12-07,18.02,18.25,17.86,17.95
2007-12-10,18.04,18.08,17.9,17.94
2007-12-11,17.93,18.06,16.95,16.97
2007-12-12,17.48,17.85,17.01,17.25
2007-12-13,17.2,17.31,16.95,17.06
2007-12-14,16.98,16.98,16.7,16.72
2007-12-17,16.65,17.23,16.57,16.78
2007-12-18,16.94,16.94,15.89,16.42
2007-12-19,16.46,16.51,16.07,16.09
2007-12-20,16.24,16.29,15.69,15.98
2007-12-21,16.06,16.57,15.99,16.53
2007-12-24,16.55,16.76,16.35,16.66
2007-12-26,16.61,16.65,15.59,15.65
2007-12-27,15.65,15.77,15.483,15.74
2007-12-28,15.86,15.97,15.35,15.77
2007-12-31,15.66,16.22,15.56,15.99
2008-01-02,16.01,16.25,15.45,15.54
2008-01-03,15.61,15.61,14.62,14.71
2008-01-04,14.5,14.5,13.71,13.97
2008-01-07,14.08,14.08,13.21,13.58
2008-01-08,13.62,13.73,13.14,13.19
2008-01-09,13.16,13.26,12.4,12.97
2008-01-10,12.91,13.45,12.61,13.17
2008-01-11,13.23,13.23,12.52,12.62
2008-01-14,12.66,13.65,12.52,13.58
2008-01-15,13.29,14.72,13.28,14.31
2008-01-16,14.3,15.025,14.13,14.49
2008-01-17,14.6,14.86,14.09,14.13
2008-01-18,14.32,14.87,14.13,14.41
2008-01-22,13.1,15.18,12.9,15.04
2008-01-23,14.25,16.25,14.25,16.22
2008-01-24,16.32,16.41,15.73,16.0
2008-01-25,16.14,16.2,15.175,15.34
2008-01-28,15.17,15.54,14.88,15.53
2008-01-29,15.69,16.04,15.47,15.86
2008-01-30,15.95,16.58,15.61,16.1
2008-01-31,15.89,17.69,15.84,17.36
2008-02-01,17.4,17.64,17.0,17.51
2008-02-04,17.5,17.52,15.92,16.13
2008-02-05,16.0,16.18,15.37,15.55
2008-02-06,15.59,16.04,15.11,15.16
2008-02-07,15.0,16.91,15.0,16.8
2008-02-08,16.77,16.86,16.1,16.49
2008-02-11,16.6,19.07,16.4,18.63
2008-02-12,18.7,19.0,17.99,18.17
2008-02-13,18.47,18.53,17.83,18.0
2008-02-14,17.97,18.09,17.25,17.41
2008-02-15,17.24,17.58,17.1,17.57
2008-02-19,17.8,17.96,17.32,17.43
2008-02-20,17.28,17.95,17.27,17.7
2008-02-21,17.87,17.88,16.66,16.81
2008-02-22,16.83,17.15,16.6,17.07
2008-02-25,17.07,17.39,16.65,17.3
2008-02-26,17.25,17.52,17.05,17.17
2008-02-27,17.1,17.8,16.96,17.7
2008-02-28,17.52,17.96,17.3,17.81
2008-02-29,17.49,17.64,16.72,16.85
2008-03-03,16.91,17.46,16.36,17.2
2008-03-04,17.01,17.45,16.79,17.38
2008-03-05,20.17,21.67,19.81,21.23
2008-03-06,21.01,21.25,19.66,20.02
2008-03-07,19.81,21.75,19.81,20.76
2008-03-10,21.02,21.08,19.58,19.7
2008-03-11,20.43,20.9,20.23,20.76
2008-03-12,20.95,22.05,20.64,21.04
2008-03-13,20.71,21.2,20.05,21.02
2008-03-14,21.23,21.41,19.86,20.4
2008-03-17,19.88,20.488,19.41,19.96
2008-03-18,20.28,21.14,20.09,21.01
2008-03-19,21.14,21.43,20.66,20.8
2008-03-20,20.82,22.01,20.8,21.8
2008-03-24,22.99,23.87,22.4,23.69
2008-03-25,23.78,23.86,23.14,23.63
2008-03-26,23.47,23.74,23.08,23.31
2008-03-27,23.46,23.7,22.95,23.01
2008-03-28,23.32,23.39,22.27,22.42
2008-03-31,22.56,22.57,21.9,22.3
2008-04-01,22.58,23.22,22.58,23.03
2008-04-02,23.22,23.55,22.82,22.97
2008-04-03,22.91,23.28,22.48,22.93
2008-04-04,23.01,23.5,22.68,23.24
2008-04-07,23.54,23.63,22.6,22.69
2008-04-08,22.73,22.73,21.7,22.1
2008-04-09,21.66,22.46,21.05,21.26
2008-04-10,21.3,21.93,20.96,21.69
2008-04-11,21.42,21.62,20.92,21.27
2008-04-14,21.25,22.15,21.15,21.82
2008-04-15,22.14,22.19,21.6,22.12
2008-04-16,22.31,22.62,21.8,22.55
2008-04-17,22.49,22.65,22.13,22.44
2008-04-18,22.78,23.59,22.78,23.25
2008-04-21,23.12,23.65,23.01,23.54
2008-04-22,23.28,23.37,22.49,22.6
2008-04-23,22.95,23.23,22.15,23.17
2008-04-24,23.47,25.2,23.4191,25.0
2008-04-25,25.0,25.85,24.98,25.75
2008-04-28,26.9,27.39,26.24,26.73
2008-04-29,26.74,27.2,26.28,26.84
2008-04-30,27.04,28.25,26.75,27.03
2008-05-01,27.03,27.95,26.81,27.86
2008-05-02,27.89,28.65,27.89,28.31
2008-05-05,28.4,28.55,27.6,27.78
2008-05-06,27.4,28.03,27.37,27.9
2008-05-07,27.8,28.05,27.62,27.69
2008-05-08,28.0,28.0,27.02,27.82
2008-05-09,27.73,28.03,27.32,27.8
2008-05-12,27.62,28.49,27.62,28.43
2008-05-13,28.6,29.06,28.24,28.75
2008-05-14,29.05,29.44,28.75,29.03
2008-05-15,29.13,29.31,28.18,29.23
2008-05-16,29.33,29.33,28.14,28.61
2008-05-19,28.56,28.61,27.88,28.02
2008-05-20,27.85,27.85,27.218,27.58
2008-05-21,27.86,28.09,26.37,26.61
2008-05-22,26.6,27.41,26.42,27.02
2008-05-23,26.94,27.1,26.41,26.91
2008-05-27,27.13,28.16,26.75,27.48
2008-05-28,27.54,28.62,27.54,28.53
2008-05-29,30.33,31.63,29.75,30.66
2008-05-30,31.25,31.28,30.34,31.06
2008-06-02,31.05,31.06,30.26,30.79
2008-06-03,31.0,31.4,30.71,31.28
2008-06-04,31.04,31.54,30.96,31.44
2008-06-05,31.69,32.44,31.3,32.4
2008-06-06,32.19,32.5,30.3,30.65
2008-06-09,30.89,31.65,30.43,31.11
2008-06-10,30.91,31.0,30.09,30.66
2008-06-11,30.66,32.03,30.34,31.88
2008-06-12,32.01,33.98,32.01,33.01
2008-06-13,33.06,33.85,32.9015,33.82
2008-06-16,33.47,34.58,33.28,34.14
2008-06-17,34.8,34.88,33.72,34.0
2008-06-18,33.72,34.0,32.8,33.17
2008-06-19,33.1,34.46,32.67,34.46
2008-06-20,34.26,34.26,32.75,33.04
2008-06-23,33.26,33.41,31.69,32.04
2008-06-24,31.56,32.4,30.9,31.82
2008-06-25,32.04,33.25,31.82,32.33
2008-06-26,32.0,32.0,31.1,31.33
2008-06-27,31.61,32.5,31.13,32.2
2008-06-30,31.81,32.34,30.78,31.24
2008-07-01,30.95,31.97,30.52,31.78
2008-07-02,32.0,32.97,31.91,32.14
2008-07-03,32.3,32.64,31.2,32.34
2008-07-07,32.42,33.73,31.33,32.19
2008-07-08,32.19,32.63,31.05,32.44
2008-07-09,32.58,33.3,31.8,32.45
2008-07-10,32.23,32.37,30.57,31.18
2008-07-11,30.17,30.84,29.1,30.08
2008-07-14,30.99,30.99,26.39,27.13
2008-07-15,26.71,28.14,26.03,27.5
2008-07-16,27.6,29.56,27.48,29.42
2008-07-17,29.41,30.95,29.07,30.09
2008-07-18,30.06,30.21,28.78,29.08
2008-07-21,28.96,29.7,28.55,29.03
2008-07-22,28.67,29.52,27.9301,29.17
2008-07-23,28.55,31.6,28.17,30.02
2008-07-24,29.88,30.31,29.01,29.16
2008-07-25,29.04,29.16,27.59,27.79
2008-07-28,27.72,28.57,27.31,28.27
2008-07-29,28.33,30.19,28.33,29.7
2008-07-30,29.88,30.75,29.4,30.49
2008-07-31,29.99,31.39,29.71,30.46
2008-08-01,30.83,31.55,30.03,31.16
2008-08-04,31.16,32.64,31.05,32.32
2008-08-05,32.65,34.37,32.3201,34.18
2008-08-06,33.3,33.3,31.11,32.07
2008-08-07,31.5,32.03,30.0,31.31
2008-08-08,31.4,33.07,31.4,32.96
2008-08-11,33.0,34.54,32.94,33.91
2008-08-12,33.8,34.65,33.44,33.88
2008-08-13,33.63,34.55,32.6,33.18
2008-08-14,32.6,33.94,32.6,33.33
2008-08-15,33.94,34.79,32.68,34.71
2008-08-18,34.85,34.85,33.67,33.96
2008-08-19,33.09,33.8,32.39,32.65
2008-08-20,32.8,33.02,32.05,32.54
2008-08-21,32.0,32.87,32.0,32.62
2008-08-22,32.95,33.65,32.82,33.46
2008-08-25,33.53,33.53,32.68,33.06
2008-08-26,32.56,32.6,30.21,30.72
2008-08-27,30.91,30.91,29.06,29.45
2008-08-28,29.88,30.25,29.18,29.55
2008-08-29,29.54,29.81,29.12,29.57
2008-09-02,30.03,31.25,29.86,30.22
2008-09-03,30.31,31.36,30.22,31.1
2008-09-04,30.92,31.03,30.18,30.22
2008-09-05,30.0,30.98,29.9,30.9
2008-09-08,31.18,32.93,31.18,32.7
2008-09-09,32.98,33.76,32.56,32.81
2008-09-10,33.05,33.69,31.88,32.56
2008-09-11,32.03,33.37,31.63,33.2
2008-09-12,32.51,33.0,32.1601,32.39
2008-09-15,31.11,33.19,31.11,31.56
2008-09-16,30.1,31.55,29.48,30.85
2008-09-17,30.39,30.82,29.21,29.22
2008-09-18,29.63,33.13,29.63,31.97
2008-09-19,33.25,35.33,31.57,31.59
2008-09-22,31.17,31.86,29.8,29.9
2008-09-23,30.06,30.6,29.4,29.4
2008-09-24,29.6,30.23,29.3,29.6
2008-09-25,29.84,30.93,29.66,30.2
2008-09-26,28.8,30.79,28.76,30.38
2008-09-29,30.18,30.56,28.29,28.68
2008-09-30,29.23,29.46,27.64,27.83
2008-10-01,27.53,28.31,27.05,27.28
2008-10-02,27.0,27.92,26.78,27.19
2008-10-03,27.77,28.13,27.125,27.24
2008-10-06,26.38,27.08,25.12,26.66
2008-10-07,26.97,26.97,23.88,23.94
2008-10-08,23.32,25.0,22.42,23.86
2008-10-09,23.71,25.0,21.9,22.17
2008-10-10,21.08,24.7,20.31,23.33
2008-10-13,24.58,25.58,23.52,25.58
2008-10-14,26.9,26.9,22.65,23.11
2008-10-15,22.53,22.53,20.05,20.05
2008-10-16,20.04,22.87,19.66,22.68
2008-10-17,22.03,23.9,21.4,22.69
2008-10-20,22.98,23.41,22.16,22.52
2008-10-21,22.5,23.77,22.2,22.87
2008-10-22,22.29,22.62,20.77,21.36
2008-10-23,21.8,21.92,19.96,20.82
2008-10-24,18.99,21.39,18.99,20.65
2008-10-27,20.45,21.54,19.72,19.75
2008-10-28,19.83,22.28,19.68,22.28
2008-10-29,22.22,23.61,21.25,22.17
2008-10-30,23.11,23.55,21.78,22.7
2008-10-31,22.66,25.24,22.6,24.43
2008-11-03,24.66,24.76,23.19,23.6
2008-11-04,24.17,24.88,24.01,24.84
2008-11-05,24.41,24.85,23.19,23.3
2008-11-06,23.08,23.08,16.89,17.31
2008-11-07,17.83,18.04,17.32,17.95
2008-11-10,18.0,18.42,16.35,16.58
2008-11-11,16.28,17.93,15.58,16.94
2008-11-12,16.87,16.91,15.79,15.79
2008-11-13,15.93,17.66,14.92,17.66
2008-11-14,17.16,17.28,15.29,15.41
2008-11-17,15.19,15.84,15.02,15.13
2008-11-18,15.24,15.97,14.93,15.69
2008-11-19,15.65,16.07,13.75,13.81
2008-11-20,13.78,15.13,13.37,13.56
2008-11-21,13.9,14.87,13.28,14.84
2008-11-24,15.64,16.03,15.0,15.99
2008-11-25,16.01,16.97,15.39,16.06
2008-11-26,15.8,17.93,15.52,17.7
2008-11-28,17.5,17.79,17.06,17.52
2008-12-01,16.57,16.98,15.51,15.54
2008-12-02,15.77,16.43,15.27,16.07
2008-12-03,16.02,17.41,15.83,17.27
2008-12-04,17.0,18.23,16.0,16.28
2008-12-05,14.42,16.44,13.64,16.0
2008-12-08,15.99,16.71,14.88,15.45
2008-12-09,15.25,16.25,15.24,15.4
2008-12-10,15.99,16.03,14.9,15.87
2008-12-11,15.81,15.81,14.77,14.93
2008-12-12,14.78,15.55,14.38,15.47
2008-12-15,15.52,15.61,14.57,14.88
2008-12-16,15.43,15.65,14.45,15.62
2008-12-17,15.34,15.93,15.02,15.79
2008-12-18,15.89,15.97,15.4,15.56
2008-12-19,15.77,15.85,15.42,15.62
2008-12-22,15.48,15.48,14.35,14.59
2008-12-23,14.38,14.84,13.59,13.74
2008-12-24,13.9,14.3,13.51,14.25
2008-12-26,14.33,14.33,14.0,14.19
2008-12-29,14.26,14.55,13.45,13.65
2008-12-30,13.67,14.27,13.58,14.16
2008-12-31,14.2,14.72,14.05,14.49
2009-01-02,14.3,14.94,14.3,14.53
2009-01-05,14.56,15.51,14.22,15.22
2009-01-06,15.48,15.59,15.13,15.38
2009-01-07,15.3,15.41,14.85,15.16
2009-01-08,15.04,15.15,14.37,14.94
2009-01-09,14.94,14.94,13.97,14.1
2009-01-12,13.85,14.34,13.54,13.8
2009-01-13,13.78,14.285,13.56,14.01
2009-01-14,13.65,13.65,12.93,13.33
2009-01-15,13.28,14.84,13.0,14.3
2009-01-16,14.57,14.75,13.92,14.59
2009-01-20,14.65,14.73,13.64,13.7
2009-01-21,13.72,14.13,13.55,14.13
2009-01-22,14.02,14.33,13.3732,14.11
2009-01-23,13.72,14.34,13.533,14.05
2009-01-26,14.14,14.72,13.68,13.95
2009-01-27,14.0,14.06,13.33,13.48
2009-01-28,13.745,14.39,13.6701,14.05
2009-01-29,13.85,14.16,13.41,13.44
2009-01-30,13.6,13.83,13.22,13.45
2009-02-02,13.24,13.6,12.62,12.99
2009-02-03,13.07,14.18,13.0,13.96
2009-02-04,13.95,13.95,13.19,13.57
2009-02-05,13.6,14.37,13.3426,13.74
2009-02-06,13.95,14.42,13.9,14.25
2009-02-09,14.62,15.36,14.42,15.21
2009-02-10,15.07,15.755,14.94,15.23
2009-02-11,15.5,15.56,14.86,15.32
2009-02-12,15.3,15.39,14.75,15.33
2009-02-13,15.24,15.34,14.55,14.7
2009-02-17,14.4,14.6,13.81,14.32
2009-02-18,14.42,14.51,13.975,14.16
2009-02-19,14.35,14.85,14.17,14.47
2009-02-20,14.17,14.59,13.72,14.14
2009-02-23,14.3,14.55,13.73,13.8
2009-02-24,13.93,14.76,13.85,14.62
2009-02-25,14.34,15.45,14.34,15.18
2009-02-26,15.17,15.6,15.01,15.05
2009-02-27,14.8,15.78,14.58,15.51
2009-03-02,15.39,15.72,14.71,14.75
2009-03-03,14.97,15.05,13.8305,14.54
2009-03-04,16.72,17.77,16.41,17.15
2009-03-05,17.12,18.1,16.8,17.04
2009-03-06,17.43,17.7,17.04,17.51
2009-03-09,17.6,18.84,17.0,17.71
2009-03-10,17.99,19.05,17.77,18.58
2009-03-11,19.78,20.94,19.48,19.81
2009-03-12,19.65,20.15,19.59,20.06
2009-03-13,20.0,20.62,19.8,20.13
2009-03-16,20.37,20.59,19.45,19.61
2009-03-17,19.6,20.49,19.51,20.48
2009-03-18,20.26,21.2,19.9,20.9
2009-03-19,20.83,21.0,20.34,20.58
2009-03-20,20.57,20.57,19.29,19.68
2009-03-23,20.21,20.96,19.729,20.95
2009-03-24,20.69,20.97,20.32,20.58
2009-03-25,20.8,21.63,20.34,21.02
2009-03-26,21.28,22.46,21.1,22.12
2009-03-27,21.67,22.1,21.43,21.62
2009-03-30,21.06,21.2,20.5501,21.17
2009-03-31,21.21,21.36,20.34,20.78
2009-04-01,20.38,21.16,20.1,21.06
2009-04-02,21.52,22.83,21.44,22.11
2009-04-03,21.8,22.53,21.76,22.35
2009-04-06,22.22,22.25,21.36,21.79
2009-04-07,21.55,21.73,21.08,21.37
2009-04-08,21.44,22.9,21.44,22.83
2009-04-09,23.25,24.31,22.76,24.2
2009-04-13,23.72,24.3,23.21,24.02
2009-04-14,23.97,24.82,23.26,24.07
2009-04-15,23.97,24.61,23.77,24.41
2009-04-16,24.55,25.83,24.55,25.53
2009-04-17,25.57,26.03,25.4,25.92
2009-04-20,25.84,26.52,25.29,25.53
2009-04-21,25.47,26.03,25.0,25.97
2009-04-22,25.48,27.41,25.29,26.45
2009-04-23,26.7,27.2,25.25,25.92
2009-04-24,26.02,27.01,26.01,26.81
2009-04-27,26.63,27.13,26.0,26.55
2009-04-28,26.3,27.3,26.3,26.85
2009-04-29,27.06,27.4,26.44,26.68
2009-04-30,27.04,28.36,26.8,27.64
2009-05-01,27.78,27.98,26.91,27.09
2009-05-04,27.78,28.5,27.35,28.35
2009-05-05,27.87,28.47,27.35,27.6
2009-05-06,27.88,27.94,26.53,27.0
2009-05-07,26.95,27.93,25.03,25.57
2009-05-08,25.52,26.23,24.67,25.5
2009-05-11,24.95,26.19,24.55,25.63
2009-05-12,25.52,26.12,24.3,24.68
2009-05-13,24.25,24.51,23.88,23.99
2009-05-14,24.03,24.77,23.84,24.08
2009-05-15,24.02,24.77,23.85,24.28
2009-05-18,24.5,24.693,24.1,24.65
2009-05-19,24.5,25.15,24.33,24.64
2009-05-20,24.87,25.75,24.59,24.75
2009-05-21,24.67,24.89,23.9,24.14
2009-05-22,24.27,24.48,23.56,23.98
2009-05-26,23.73,25.53,23.31,25.28
2009-05-27,23.64,24.17,23.26,23.65
2009-05-28,24.87,24.87,22.23,22.29
2009-05-29,23.09,23.1,22.03,23.01
2009-06-01,23.3,24.1,23.13,23.77
2009-06-02,23.98,24.34,23.51,24.06
2009-06-03,23.93,24.21,23.45,24.04
2009-06-04,24.05,24.13,22.96,23.62
2009-06-05,23.83,24.025,23.28,23.72
2009-06-08,23.64,24.37,23.31,24.1
2009-06-09,24.25,24.64,23.96,24.23
2009-06-10,24.7,25.0,23.31,23.81
2009-06-11,23.8,23.92,22.73,22.79
2009-06-12,22.8,22.8,22.14,22.68
2009-06-15,22.45,22.6,22.12,22.52
2009-06-16,22.47,22.53,21.83,21.88
2009-06-17,21.79,21.79,20.81,21.41
2009-06-18,21.5,21.5,20.67,20.75
2009-06-19,20.89,21.1,20.14,20.24
2009-06-22,20.3,20.85,19.95,20.57
2009-06-23,20.66,20.66,19.92,20.11
2009-06-24,20.28,20.61,19.87,20.03
2009-06-25,20.52,21.15,20.17,20.93
2009-06-26,20.81,21.35,20.74,21.16
2009-06-29,21.28,21.4,20.87,21.14
2009-06-30,21.1,21.38,20.83,21.03
2009-07-01,21.31,21.44,20.98,21.06
2009-07-02,20.83,20.95,20.31,20.32
2009-07-06,20.24,20.47,19.6,20.0
2009-07-07,19.96,20.01,19.77,19.79
2009-07-08,20.15,20.45,19.95,20.42
2009-07-09,20.7,20.7,19.83,19.99
2009-07-10,19.86,20.17,19.49,19.76
2009-07-13,19.92,20.52,19.53,20.44
2009-07-14,20.3,20.79,20.07,20.73
2009-07-15,20.89,21.1,20.55,20.89
2009-07-16,20.78,21.2,20.59,21.13
2009-07-17,21.05,21.79,21.0,21.6
2009-07-20,21.6,22.08,21.52,22.05
2009-07-21,22.09,22.09,21.36,21.59
2009-07-22,21.5,22.26,21.43,22.09
2009-07-23,22.21,23.28,21.84,23.11
2009-07-24,22.97,23.08,22.4,22.82
2009-07-27,22.73,22.79,22.3,22.79
2009-07-28,22.69,23.05,22.66,23.02
2009-07-29,22.85,23.4,22.71,23.07
2009-07-30,23.44,23.58,22.96,23.0
2009-07-31,23.0,23.32,22.8401,23.04
2009-08-03,23.08,23.14,22.84,23.07
2009-08-04,22.87,23.3,22.8,23.0
2009-08-05,22.95,23.7,22.95,23.63
2009-08-06,23.63,24.69,23.51,23.89
2009-08-07,24.24,24.92,24.11,24.76
2009-08-10,24.8,24.88,24.2179,24.38
2009-08-11,24.3,24.51,24.06,24.3
2009-08-12,24.32,24.49,23.84,23.95
2009-08-13,24.1,24.26,23.34,23.64
2009-08-14,23.66,23.76,23.11,23.29
2009-08-17,22.95,22.95,22.47,22.53
2009-08-18,22.64,23.39,22.64,23.15
2009-08-19,22.97,23.37,22.75,23.21
2009-08-20,23.16,23.21,22.75,23.0
2009-08-21,23.1,23.94,23.1,23.81
2009-08-24,23.91,24.25,23.82,24.03
2009-08-25,25.38,26.7,25.23,25.6
2009-08-26,25.69,26.76,25.52,26.37
2009-08-27,26.62,26.62,25.71,25.75
2009-08-28,26.01,26.08,25.51,25.79
2009-08-31,25.54,25.88,25.35,25.42
2009-09-01,25.48,25.92,24.86,24.92
2009-09-02,24.835,24.98,24.305,24.57
2009-09-03,24.75,24.92,24.2784,24.75
2009-09-04,24.63,24.86,24.47,24.81
2009-09-08,25.05,25.33,24.92,25.04
2009-09-09,25.04,25.73,24.95,25.66
2009-09-10,25.63,26.0,25.36,25.93
2009-09-11,25.98,26.0,25.54,25.76
2009-09-14,25.51,25.7,25.341,25.55
2009-09-15,25.51,25.6,24.93,25.08
2009-09-16,25.14,25.23,24.86,25.03
2009-09-17,25.0,25.19,24.72,24.92
2009-09-18,25.18,25.26,24.82,25.02
2009-09-21,24.76,25.23,24.56,25.16
2009-09-22,25.32,25.58,25.01,25.18
2009-09-23,25.2,25.38,24.45,24.46
2009-09-24,24.55,24.55,23.41,23.76
2009-09-25,23.62,23.82,23.3,23.8
2009-09-28,23.97,24.2,23.81,24.12
2009-09-29,24.12,24.56,24.025,24.43
2009-09-30,24.59,25.2,24.43,25.02
2009-10-01,25.93,25.93,25.12,25.55
2009-10-02,25.33,25.48,24.81,24.83
2009-10-05,24.81,25.42,24.71,25.42
2009-10-06,25.64,26.47,25.41,26.42
2009-10-07,26.09,26.47,26.06,26.39
2009-10-08,26.63,26.72,26.295,26.63
2009-10-09,26.56,26.62,26.02,26.34
2009-10-12,26.42,26.67,25.81,26.01
2009-10-13,26.03,26.36,25.8,26.24
2009-10-14,26.42,26.67,26.15,26.63
2009-10-15,26.6,27.45,26.6,27.42
2009-10-16,27.02,27.37,26.77,27.09
2009-10-19,27.19,28.18,27.16,27.78
2009-10-20,27.88,27.95,27.34,27.52
2009-10-21,27.38,27.63,26.6,26.62
2009-10-22,26.68,26.9,26.37,26.72
2009-10-23,26.72,26.89,26.14,26.19
2009-10-26,26.25,26.9,26.17,26.4
2009-10-27,26.54,26.54,25.83,26.0
2009-10-28,25.96,26.21,25.14,25.26
2009-10-29,25.5,25.87,25.36,25.84
2009-10-30,25.75,25.905,25.0375,25.05
2009-11-02,25.25,25.63,24.96,25.23
2009-11-03,25.09,25.46,24.82,25.13
2009-11-04,25.29,25.47,24.75,24.81
2009-11-05,25.19,25.98,24.54,25.4
2009-11-06,25.18,25.47,24.75,25.07
2009-11-09,25.19,25.93,25.15,25.86
2009-11-10,25.64,25.88,25.19,25.6
2009-11-11,25.81,26.09,25.52,25.8
2009-11-12,25.81,25.99,25.25,25.28
2009-11-13,25.32,25.64,25.12,25.5
2009-11-16,25.72,25.99,25.54,25.86
2009-11-17,25.86,25.86,25.17,25.28
2009-11-18,25.24,25.42,25.12,25.3
2009-11-19,25.19,25.27,24.65,24.72
2009-11-20,24.57,24.73,24.04,24.15
2009-11-23,24.34,24.62,23.851,24.04
2009-11-24,24.06,24.29,23.89,24.06
2009-11-25,24.22,24.27,24.02,24.2
2009-11-27,23.35,24.16,23.35,24.01
2009-11-30,23.98,24.13,23.04,23.06
2009-12-01,23.25,23.63,23.19,23.46
2009-12-02,23.53,24.23,23.52,23.91
2009-12-03,24.24,24.24,23.49,23.54
2009-12-04,26.87,28.08,26.74,28.08
2009-12-07,28.41,28.64,27.5,28.16
2009-12-08,28.04,28.69,27.72,28.62
2009-12-09,28.53,28.57,28.15,28.43
2009-12-10,28.58,28.93,28.28,28.34
2009-12-11,28.49,28.8,28.28,28.75
2009-12-14,28.88,29.06,28.55,28.99
2009-12-15,28.99,29.41,28.71,29.28
2009-12-16,29.39,29.47,29.15,29.23
2009-12-17,29.24,29.33,28.8,28.86
2009-12-18,29.17,29.545,28.78,29.36
2009-12-21,29.36,29.68,29.28,29.53
2009-12-22,29.62,29.62,29.08,29.31
2009-12-23,29.31,29.55,28.98,29.18
2009-12-24,29.23,29.43,29.025,29.32
2009-12-28,29.39,29.51,28.86,29.05
2009-12-29,29.19,29.48,29.06,29.4
2009-12-30,29.25,29.53,29.0,29.31
2009-12-31,29.43,29.75,28.98,28.98
2010-01-04,29.38,29.51,28.6,28.96
2010-01-05,28.95,28.99,28.64,28.96
2010-01-06,28.75,29.35,28.64,29.34
2010-01-07,29.63,29.82,29.2,29.67
2010-01-08,29.54,29.97,29.49,29.85
2010-01-11,29.88,30.0,29.54,29.69
2010-01-12,29.85,30.59,29.181,30.21
2010-01-13,30.84,31.21,30.37,31.17
2010-01-14,31.12,31.19,30.5,30.73
2010-01-15,30.94,31.32,30.79,31.02
2010-01-19,31.0,31.39,30.79,30.99
2010-01-20,29.71,30.145,29.5,30.1
2010-01-21,30.23,30.5,29.92,30.1
2010-01-22,30.0,30.3399,29.5,29.59
2010-01-25,29.93,30.02,29.53,29.58
2010-01-26,29.57,29.99,29.35,29.82
2010-01-27,29.84,29.87,28.8,29.22
2010-01-28,29.28,29.41,28.78,29.06
2010-01-29,29.13,29.22,28.39,28.41
2010-02-01,28.69,28.89,28.51,28.85
2010-02-02,28.96,29.43,28.87,29.29
2010-02-03,29.08,29.39,29.02,29.21
2010-02-04,29.07,30.04,29.0,29.66
2010-02-05,29.67,29.76,29.02,29.48
2010-02-08,29.53,29.81,29.19,29.2
2010-02-09,29.47,29.9,29.24,29.77
2010-02-10,29.83,29.95,29.53,29.67
2010-02-11,29.7,30.33,29.4,30.28
2010-02-12,29.99,30.66,29.84,30.61
2010-02-16,30.77,31.14,30.66,31.0
2010-02-17,31.05,31.13,30.86,31.08
2010-02-18,31.1,31.35,30.9,31.28
2010-02-19,31.18,31.45,31.09,31.36
2010-02-22,31.46,31.6,31.08,31.31
2010-02-23,31.21,31.4,30.88,31.33
2010-02-24,31.46,31.82,31.3,31.78
2010-02-25,31.61,32.92,31.4,32.9
2010-02-26,32.99,33.82,32.9,33.5
2010-03-01,34.02,34.42,33.75,34.25
2010-03-02,34.44,34.55,33.71,33.94
2010-03-03,34.99,35.56,34.38,34.57
2010-03-04,34.65,35.73,34.42,35.66
2010-03-05,35.74,36.39,35.49,36.09
2010-03-08,35.95,36.25,35.83,35.98
2010-03-09,35.88,36.34,35.68,35.97
2010-03-10,35.91,36.05,35.69,35.88
2010-03-11,35.76,35.88,35.09,35.88
2010-03-12,35.89,35.96,35.49,35.87
2010-03-15,35.89,36.02,35.51,35.99
2010-03-16,35.81,36.58,35.81,36.54
2010-03-17,36.65,37.29,36.2,37.1
2010-03-18,36.995,37.05,36.65,36.97
2010-03-19,36.97,37.0,36.21,36.7
2010-03-22,36.21,37.7387,35.81,37.65
2010-03-23,37.78,37.95,37.3106,37.91
2010-03-24,37.78,37.87,37.1,37.24
2010-03-25,37.4,37.81,37.33,37.36
2010-03-26,37.53,37.99,37.37,37.51
2010-03-29,37.65,37.82,36.8352,37.32
2010-03-30,37.33,37.65,36.93,37.37
2010-03-31,37.18,37.18,36.35,36.42
2010-04-01,36.52,37.03,36.4,36.82
2010-04-05,36.88,37.28,36.74,37.28
2010-04-06,37.2,37.54,37.2,37.43
2010-04-07,37.56,38.9,37.51,38.71
2010-04-08,38.75,38.97,38.32,38.91
2010-04-09,38.87,39.37,38.4,39.22
2010-04-12,39.32,39.49,38.64,38.67
2010-04-13,38.6,38.92,38.39,38.77
2010-04-14,39.1,40.05,39.04,39.96
2010-04-15,39.99,40.05,39.48,39.72
2010-04-16,39.64,39.68,39.26,39.59
2010-04-19,39.44,39.5,38.2,38.88
2010-04-20,39.63,39.85,39.04,39.33
2010-04-21,39.23,39.37,38.75,39.23
2010-04-22,39.13,40.53,38.77,40.42
2010-04-23,40.53,41.19,40.25,41.14
2010-04-26,41.42,41.42,40.78,40.87
2010-04-27,40.61,40.65,39.4732,39.56
2010-04-28,39.56,39.83,38.54,38.88
2010-04-29,39.16,39.24,38.79,39.03
2010-04-30,39.18,39.57,38.03,38.2
2010-05-03,38.35,38.92,37.93,38.3
2010-05-04,37.8,37.93,36.85,37.64
2010-05-05,37.35,38.33,37.15,37.48
2010-05-06,36.35,36.53,34.0,35.56
2010-05-07,35.5,36.5,34.49,34.91
2010-05-10,36.94,37.53,36.38,36.88
2010-05-11,36.46,37.22,36.13,36.69
2010-05-12,36.82,37.41,36.66,37.3
2010-05-13,37.3,37.425,36.25,36.35
2010-05-14,36.06,36.44,35.86,36.09
2010-05-17,36.06,36.91,35.77,36.76
2010-05-18,37.04,37.27,35.89,35.99
2010-05-19,35.93,36.26,35.38,36.05
2010-05-20,35.26,35.75,34.7101,34.91
2010-05-21,34.11,36.47,34.03,36.27
2010-05-24,36.35,36.83,35.94,35.99
2010-05-25,35.02,36.18,34.89,36.1
2010-05-26,36.66,36.94,35.75,35.87
2010-05-27,37.0,37.44,34.42,36.04
2010-05-28,36.04,36.48,35.0,35.33
2010-06-01,35.0,35.78,34.76,34.76
2010-06-02,35.01,35.27,34.64,35.25
2010-06-03,35.25,35.65,34.76,35.21
2010-06-04,34.45,34.91,34.09,34.22
2010-06-07,34.19,34.46,32.7,32.79
2010-06-08,32.78,33.11,32.16,33.06
2010-06-09,33.22,33.64,32.64,32.81
2010-06-10,33.16,33.85,33.09,33.79
2010-06-11,33.49,33.97,33.23,33.65
2010-06-14,33.85,34.49,33.74,34.26
2010-06-15,34.45,35.34,34.32,35.17
2010-06-16,35.01,35.13,34.57,34.87
2010-06-17,35.02,35.13,34.45,34.85
2010-06-18,34.9,35.32,34.3,34.56
2010-06-21,35.0,35.1,34.05,34.3
2010-06-22,33.12,33.57,31.27,31.56
2010-06-23,31.8,33.1,31.71,32.83
2010-06-24,32.67,32.69,32.06,32.3
2010-06-25,32.28,32.53,31.9,32.4
2010-06-28,32.56,33.09,32.12,32.89
2010-06-29,32.35,33.24,32.13,32.49
2010-06-30,32.51,32.97,32.01,32.09
2010-07-01,32.21,32.98,31.72,32.7
2010-07-02,32.94,33.6,32.48,32.77
2010-07-06,33.0,33.53,32.3142,32.76
2010-07-07,32.55,33.42,32.51,33.4
2010-07-08,33.66,33.66,32.68,33.02
2010-07-09,33.28,33.34,32.86,33.28
2010-07-12,33.15,33.55,33.03,33.29
2010-07-13,33.7,34.27,33.39,34.16
2010-07-14,34.11,34.3,33.59,34.1
2010-07-15,34.06,34.8001,33.65,34.72
2010-07-16,34.55,34.55,33.38,33.39
2010-07-19,33.46,33.78,33.17,33.59
2010-07-20,33.13,34.18,33.01,34.08
2010-07-21,34.27,34.3,33.46,33.75
2010-07-22,34.03,34.8,33.98,34.56
2010-07-23,34.57,35.68,34.28,35.68
2010-07-26,35.78,36.29,35.46,36.16
2010-07-27,36.41,36.48,35.47,35.67
2010-07-28,35.53,35.77,34.87,35.0
2010-07-29,35.27,35.46,33.97,34.17
2010-07-30,33.82,34.42,33.55,34.31
2010-08-02,34.83,35.25,34.58,35.07
2010-08-03,34.9,34.9,33.87,34.18
2010-08-04,34.21,34.58,33.79,34.45
2010-08-05,32.79,32.8,31.28,32.18
2010-08-06,31.98,32.11,31.44,32.11
2010-08-09,32.09,32.63,32.09,32.13
2010-08-10,31.9,32.05,31.05,31.13
2010-08-11,30.71,31.1,30.52,30.74
2010-08-12,30.36,31.18,30.02,30.88
2010-08-13,30.73,31.02,30.39,30.64
2010-08-16,30.41,30.66,30.04,30.5
2010-08-17,30.68,31.09,30.54,30.82
2010-08-18,30.8,31.705,30.8,31.27
2010-08-19,30.96,31.37,30.7,31.08
2010-08-20,30.83,31.98,30.81,31.8
2010-08-23,31.82,32.31,31.6606,31.75
2010-08-24,30.94,31.47,30.5,30.86
2010-08-25,30.64,30.78,30.04,30.48
2010-08-26,30.76,31.02,30.3,30.35
2010-08-27,30.53,31.46,30.34,31.34
2010-08-30,31.25,31.56,31.01,31.01
2010-08-31,30.88,31.595,30.65,31.26
2010-09-01,31.52,32.16,31.49,31.99
2010-09-02,32.23,33.0485,32.23,32.87
2010-09-03,33.1,33.8,32.87,33.15
2010-09-07,32.98,33.11,32.66,32.68
2010-09-08,32.79,33.16,32.74,33.0
2010-09-09,33.45,33.51,32.73,32.89
2010-09-10,32.94,33.22,32.91,33.05
2010-09-13,33.33,33.43,33.03,33.17
2010-09-14,33.19,33.79,33.19,33.36
2010-09-15,33.15,33.67,33.11,33.66
2010-09-16,33.52,33.75,33.24,33.62
2010-09-17,33.63,33.78,33.17,33.53
2010-09-20,33.64,34.22,33.46,34.17
2010-09-21,34.18,34.18,33.5226,33.74
2010-09-22,33.66,33.84,33.23,33.65
2010-09-23,33.31,33.98,33.24,33.49
2010-09-24,34.1,34.44,33.84,34.29
2010-09-27,34.28,34.36,34.02,34.09
2010-09-28,34.1,34.55,33.67,34.44
2010-09-29,34.43,34.5,33.97,34.0
2010-09-30,34.16,34.28,32.67,33.25
2010-10-01,33.38,33.64,33.28,33.44
2010-10-04,33.42,33.62,32.95,33.18
2010-10-05,33.5,33.572,32.93,32.94
2010-10-06,33.03,33.21,32.5,32.77
2010-10-07,32.96,33.04,32.47,32.93
2010-10-08,32.94,33.23,32.71,33.17
2010-10-11,33.19,33.9,33.0,33.55
2010-10-12,33.42,34.0,33.3115,33.9
2010-10-13,33.7,33.73,32.64,32.93
2010-10-14,32.85,33.055,32.51,32.94
2010-10-15,33.2,33.28,32.74,33.12
2010-10-18,33.13,33.49,33.01,33.4
2010-10-19,33.1,33.75,32.91,33.28
2010-10-20,33.42,33.58,33.14,33.31
2010-10-21,33.4,33.58,33.18,33.38
2010-10-22,33.4,33.58,33.3,33.5
2010-10-25,33.69,33.88,33.54,33.66
2010-10-26,33.61,33.96,33.23,33.72
2010-10-27,33.53,33.625,32.67,32.83
2010-10-28,33.02,33.09,32.33,32.44
2010-10-29,32.41,32.46,31.0,31.37
2010-11-01,31.37,31.5,30.82,30.9
2010-11-02,31.05,31.23,30.9502,31.11
2010-11-03,31.2,31.62,31.01,31.41
2010-11-04,29.89,30.0,28.84,29.26
2010-11-05,29.14,30.44,29.02,30.12
2010-11-08,30.29,30.57,29.7,30.19
2010-11-09,30.21,30.51,29.88,29.98
2010-11-10,29.97,30.24,29.57,30.18
2010-11-11,29.93,30.39,29.78,30.33
2010-11-12,30.14,30.26,29.79,29.82
2010-11-15,29.86,30.0,29.56,29.87
2010-11-16,29.72,30.26,29.58,29.88
2010-11-17,29.95,30.27,29.75,29.9
2010-11-18,30.09,30.24,29.43,29.57
2010-11-19,29.57,29.61,29.26,29.4
2010-11-22,29.22,29.68,29.03,29.57
2010-11-23,29.4,31.5,29.35,31.13
2010-11-24,31.16,31.38,30.41,30.84
2010-11-26,30.88,31.24,30.73,30.92
2010-11-29,30.83,30.85,30.2,30.69
2010-11-30,30.51,30.83,30.13,30.65
2010-12-01,30.94,31.2,30.7,31.01
2010-12-02,31.05,31.18,30.72,31.09
2010-12-03,29.61,30.48,29.18,29.5
2010-12-06,29.38,29.4216,28.51,28.57
2010-12-07,28.74,29.23,28.44,28.46
2010-12-08,28.39,28.64,28.26,28.56
2010-12-09,28.53,28.68,28.23,28.42
2010-12-10,28.44,28.5,28.22,28.42
2010-12-13,28.38,28.48,27.9,28.0
2010-12-14,27.99,28.1505,27.82,27.91
2010-12-15,27.95,28.45,27.88,28.31
2010-12-16,28.31,29.02,28.27,28.85
2010-12-17,28.79,29.55,28.63,29.55
2010-12-20,29.51,29.55,29.02,29.29
2010-12-21,29.42,29.58,29.12,29.41
2010-12-22,29.38,29.98,29.38,29.91
2010-12-23,29.98,30.6,29.96,30.27
2010-12-27,30.26,30.26,29.82,29.96
2010-12-28,30.03,30.51,29.92,30.11
2010-12-29,30.2,30.56,30.12,30.45
2010-12-30,30.42,30.69,30.39,30.51
2010-12-31,30.5,30.57,30.43,30.46
2011-01-03,30.62,30.8,30.4,30.41
2011-01-04,30.59,30.77,30.32,30.74
2011-01-05,30.35,30.64,30.25,30.51
2011-01-06,30.48,30.64,30.36,30.43
2011-01-07,30.4,30.59,30.26,30.51
2011-01-10,30.43,31.37,30.36,31.17
2011-01-11,31.22,31.39,30.95,31.05
2011-01-12,31.2,32.09,31.1,31.68
2011-01-13,31.82,32.32,31.75,32.09
2011-01-14,32.01,32.12,31.85,32.0
2011-01-18,32.09,32.365,32.0,32.34
2011-01-19,32.25,32.51,32.01,32.22
2011-01-20,32.21,32.69,32.16,32.41
2011-01-21,32.47,32.72,32.33,32.52
2011-01-24,32.47,32.6,32.27,32.6
2011-01-25,32.58,32.78,32.13,32.32
2011-01-26,32.42,32.67,32.0,32.38
2011-01-27,32.43,32.66,32.28,32.34
2011-01-28,32.32,32.47,31.69,31.82
2011-01-31,31.82,32.15,31.59,31.79
2011-02-01,31.91,32.04,31.6,31.86
2011-02-02,31.59,32.12,31.57,31.81
2011-02-03,31.85,32.7,31.7,32.27
2011-02-04,32.88,33.99,32.75,33.95
2011-02-07,33.92,40.42,33.8,39.2
2011-02-08,38.86,39.38,37.88,39.1
2011-02-09,39.15,40.44,38.75,39.98
2011-02-10,40.03,40.885,39.62,40.77
2011-02-11,40.84,41.59,40.69,41.57
2011-02-14,41.4,41.94,40.91,41.38
2011-02-15,41.07,41.2399,40.74,40.84
2011-02-16,42.08,42.27,40.69,40.75
2011-02-17,40.71,41.35,40.66,40.93
2011-02-18,40.94,41.86,40.73,41.78
2011-02-22,41.27,41.55,40.75,41.01
2011-02-23,40.94,41.19,39.41,40.08
2011-02-24,40.07,40.1,39.46,39.78
2011-02-25,39.85,41.19,39.74,40.71
2011-02-28,40.74,41.17,40.34,41.03
2011-03-01,41.24,41.41,40.59,40.63
2011-03-02,40.49,40.49,39.77,39.89
2011-03-03,41.55,42.13,40.32,41.33
2011-03-04,41.1,41.94,40.8,41.0
2011-03-07,41.15,41.63,40.98,41.09
2011-03-08,41.18,42.08,41.11,41.85
2011-03-09,41.84,42.35,41.63,42.02
2011-03-10,41.64,42.22,41.4,41.95
2011-03-11,42.43,43.38,42.4,43.05
2011-03-14,42.62,42.83,41.98,42.75
2011-03-15,41.81,42.31,41.46,41.96
2011-03-16,41.84,42.84,41.67,42.34
2011-03-17,42.67,42.67,41.66,41.77
2011-03-18,42.0,42.39,41.1,41.1
2011-03-21,41.65,41.98,41.3801,41.75
2011-03-22,41.9,42.98,41.27,42.28
2011-03-23,42.2,43.1,41.95,42.87
2011-03-24,43.1,43.67,42.95,43.48
2011-03-25,43.52,43.87,43.21,43.55
2011-03-28,43.41,43.79,42.96,43.2
2011-03-29,43.12,43.7,42.58,43.09
2011-03-30,43.33,43.62,43.11,43.59
2011-03-31,43.59,43.66,43.0,43.43
2011-04-01,43.48,43.87,43.1701,43.68
2011-04-04,43.79,43.95,43.48,43.8
2011-04-05,43.65,44.44,43.65,44.04
2011-04-06,44.12,44.4,43.56,43.65
2011-04-07,43.69,43.98,43.48,43.75
2011-04-08,43.79,43.94,43.42,43.73
2011-04-11,43.8,43.99,43.44,43.45
2011-04-12,43.31,43.59,42.99,43.24
2011-04-13,43.31,43.72,42.81,43.54
2011-04-14,43.35,43.74,43.135,43.68
2011-04-15,43.8,43.99,43.38,43.53
2011-04-18,43.22,43.23,42.62,42.74
2011-04-19,42.77,42.8,41.64,42.0
2011-04-20,42.35,42.52,41.91,42.08
2011-04-21,42.12,42.12,41.47,41.49
2011-04-25,41.59,41.59,40.88,40.93
2011-04-26,41.26,41.4,40.72,40.79
2011-04-27,40.82,41.13,40.64,40.75
2011-04-28,40.67,41.06,40.57,40.77
2011-04-29,40.84,41.42,40.7801,41.11
2011-05-02,40.98,41.42,40.434,41.29
2011-05-03,41.15,41.39,40.86,41.19
2011-05-04,41.1,41.1,40.08,40.61
2011-05-05,40.27,40.46,38.83,39.36
2011-05-06,39.61,39.74,38.93,39.31
2011-05-09,39.24,39.4,38.77,39.35
2011-05-10,39.34,39.68,39.01,39.45
2011-05-11,39.3,39.5,38.68,38.75
2011-05-12,38.75,39.11,37.21,38.39
2011-05-13,38.4,38.89,38.12,38.53
2011-05-16,38.4,38.4,38.0,38.02
2011-05-17,38.29,38.51,37.82,37.86
2011-05-18,37.81,37.81,37.27,37.74
2011-05-19,34.37,34.67,33.3,33.77
2011-05-20,33.6,34.33,33.35,33.55
2011-05-23,33.36,33.88,33.26,33.7
2011-05-24,33.73,33.83,33.0,33.09
2011-05-25,32.97,33.17,32.27,32.33
2011-05-26,31.01,31.83,30.83,31.44
2011-05-27,31.89,32.49,31.42,32.42
2011-05-31,33.06,33.74,32.91,33.41
2011-06-01,33.22,33.48,32.96,33.05
2011-06-02,33.0,33.25,32.53,32.6
2011-06-03,32.27,33.05,32.13,32.53
2011-06-06,32.43,32.54,31.32,31.37
2011-06-07,31.61,32.77,31.61,32.35
2011-06-08,32.18,32.41,31.58,32.01
2011-06-09,32.04,32.96,32.04,32.42
2011-06-10,32.23,32.52,32.16,32.23
2011-06-13,32.26,32.5,31.97,32.25
2011-06-14,32.45,32.752,32.38,32.53
2011-06-15,32.34,32.47,32.02,32.33
2011-06-16,32.29,32.5,31.81,32.24
2011-06-17,32.37,32.57,32.21,32.4
2011-06-20,32.38,32.75,32.22,32.69
2011-06-21,32.96,33.13,32.72,33.07
2011-06-22,33.06,33.2,32.72,32.72
2011-06-23,32.39,32.95,32.37,32.82
2011-06-24,32.85,32.9,32.32,32.46
2011-06-27,32.36,32.89,32.12,32.83
2011-06-28,32.95,33.22,32.62,33.17
2011-06-29,33.29,33.33,32.74,32.8
2011-06-30,32.79,33.26,32.55,33.15
2011-07-01,33.41,34.0,33.11,33.96
2011-07-05,33.88,33.88,33.105,33.38
2011-07-06,33.35,33.48,33.0802,33.29
2011-07-07,33.54,34.86,33.54,34.69
2011-07-08,34.3,34.49,34.08,34.42
2011-07-11,34.07,34.16,33.73,33.87
2011-07-12,33.69,34.36,33.69,33.82
2011-07-13,34.0,34.42,33.73,34.29
2011-07-14,34.33,34.49,33.89,34.02
2011-07-15,34.16,34.17,33.52,33.79
2011-07-18,33.6,33.77,33.2,33.73
2011-07-19,33.83,34.17,33.55,34.13
2011-07-20,34.28,34.89,34.2,34.65
2011-07-21,34.82,35.73,34.66,35.48
2011-07-22,35.59,36.09,35.47,35.93
2011-07-25,35.51,36.03,35.48,35.56
2011-07-26,35.56,36.44,35.48,36.34
2011-07-27,36.12,36.14,35.31,35.31
2011-07-28,35.29,35.78,35.19,35.3
2011-07-29,35.02,35.15,34.569,34.83
2011-08-01,35.23,35.27,33.9,34.38
2011-08-02,34.22,34.5,33.09,33.14
2011-08-03,33.25,33.25,32.15,32.57
2011-08-04,32.3,32.62,31.95,32.02
2011-08-05,32.26,32.39,30.85,31.73
2011-08-08,31.13,31.52,28.89,29.02
2011-08-09,29.37,30.51,28.93,30.49
2011-08-10,30.0,30.66,29.92,29.96
2011-08-11,30.04,31.65,30.04,31.23
2011-08-12,31.54,31.97,31.01,31.75
2011-08-15,31.96,32.37,31.76,32.29
2011-08-16,32.05,32.4,31.8,32.19
2011-08-17,32.52,32.89,31.52,31.7
2011-08-18,30.88,30.91,29.87,30.13
2011-08-19,29.78,30.72,29.72,30.09
2011-08-22,30.7,31.6,30.5,31.35
2011-08-23,31.5,32.05,31.05,32.05
2011-08-24,31.93,32.55,31.78,32.38
2011-08-25,32.44,33.42,31.85,32.21
2011-08-26,31.44,33.03,31.44,32.81
2011-08-29,33.24,33.74,33.05,33.73
2011-08-30,33.68,33.92,33.29,33.63
2011-08-31,33.91,34.45,33.74,33.9
2011-09-01,34.0,34.19,33.17,33.24
2011-09-02,32.5,32.8,31.84,32.01
2011-09-06,31.14,31.93,30.92,31.88
2011-09-07,32.36,33.0,32.1,32.79
2011-09-08,32.71,32.84,32.1,32.24
2011-09-09,31.97,32.28,31.42,31.72
2011-09-12,31.27,31.72,30.79,31.59
2011-09-13,31.64,31.98,31.1,31.27
2011-09-14,31.58,31.92,30.88,31.58
2011-09-15,32.2,33.4,32.14,33.26
2011-09-16,33.61,34.38,33.43,33.57
2011-09-19,33.01,34.01,32.97,33.82
2011-09-20,33.9,34.41,33.6,33.62
2011-09-21,33.57,34.14,32.72,32.72
2011-09-22,31.78,33.03,31.7,32.28
2011-09-23,32.18,33.55,32.14,33.37
2011-09-26,33.64,34.82,33.62,34.8
2011-09-27,35.4,36.0,35.24,35.54
2011-09-28,35.46,35.87,34.63,34.73
2011-09-29,35.3,35.3,33.8,34.55
2011-09-30,34.15,35.65,33.93,34.83
2011-10-03,34.73,35.02,33.29,33.33
2011-10-04,32.98,34.06,32.55,34.04
2011-10-05,34.08,34.27,33.19,33.62
2011-10-06,33.7,34.99,33.7,34.28
2011-10-07,34.53,34.56,33.33,33.63
2011-10-10,34.03,34.535,33.97,34.38
2011-10-11,34.4,35.13,34.13,35.05
2011-10-12,35.23,35.28,34.69,34.78
2011-10-13,34.51,34.9,34.39,34.53
2011-10-14,34.84,35.0,34.33,34.57
2011-10-17,34.62,35.2,34.62,35.07
2011-10-18,35.09,36.54,34.77,36.13
2011-10-19,36.08,37.16,36.03,36.56
2011-10-20,36.69,37.253,36.45,37.12
2011-10-21,37.46,37.73,37.26,37.48
2011-10-24,37.72,38.44,37.51,38.41
2011-10-25,38.28,38.91,37.56,37.7
2011-10-26,37.98,37.98,36.88,37.5
2011-10-27,38.44,38.44,37.19,37.7
2011-10-28,37.76,38.0,37.06,37.64
2011-10-31,37.36,38.5,37.36,37.69
2011-11-01,36.83,37.59,36.64,37.21
2011-11-02,37.75,38.42,37.35,38.12
2011-11-03,38.75,40.66,38.75,40.64
2011-11-04,41.27,41.44,40.27,41.32
2011-11-07,41.19,41.62,40.85,41.5
2011-11-08,41.6,41.81,40.78,41.64
2011-11-09,40.95,41.16,40.02,40.33
2011-11-10,40.66,40.73,39.94,40.34
2011-11-11,40.56,41.5099,40.56,41.3
2011-11-14,41.08,41.31,40.71,40.96
2011-11-15,40.71,41.18,40.43,41.06
2011-11-16,40.67,41.01,39.73,39.93
2011-11-17,39.96,40.36,38.62,38.94
2011-11-18,39.15,39.36,38.74,39.13
2011-11-21,38.79,38.79,37.92,38.25
2011-11-22,38.22,39.15,38.18,38.77
2011-11-23,37.85,37.92,36.13,36.83
2011-11-25,36.71,37.24,36.59,36.82
2011-11-28,37.45,38.34,37.45,38.15
2011-11-29,38.09,39.7,37.86,39.52
2011-11-30,40.58,40.69,39.65,40.11
2011-12-01,39.98,40.62,39.61,39.73
2011-12-02,36.75,37.43,35.65,36.28
2011-12-05,36.95,37.43,36.58,37.15
2011-12-06,37.01,37.91,36.89,37.72
2011-12-07,37.34,37.74,37.01,37.52
2011-12-08,37.19,37.44,36.85,36.96
2011-12-09,37.09,37.515,36.93,37.24
2011-12-12,36.93,37.405,36.84,37.39
2011-12-13,37.63,37.65,36.6,36.75
2011-12-14,36.56,36.9,36.14,36.62
2011-12-15,36.83,37.05,36.4,36.6
2011-12-16,36.68,37.085,36.47,36.62
2011-12-19,36.85,37.0,35.85,35.96
2011-12-20,36.64,38.205,36.55,38.1
2011-12-21,38.29,38.76,37.4,38.2
2011-12-22,38.27,38.41,37.49,37.75
2011-12-23,37.85,38.25,37.61,38.11
2011-12-27,38.06,38.45,37.86,38.34
2011-12-28,38.42,38.47,37.77,37.81
2011-12-29,37.99,38.34,37.95,38.18
2011-12-30,38.22,38.22,37.76,37.76
2012-01-03,38.25,38.925,38.05,38.2
2012-01-04,38.2,38.765,37.98,38.6
2012-01-05,38.44,38.73,37.63,38.7
2012-01-06,38.64,38.64,38.06,38.16
2012-01-09,38.08,38.45,37.65,38.18
2012-01-10,38.55,38.75,37.99,38.56
2012-01-11,38.31,38.4,37.5801,37.91
2012-01-12,37.99,38.03,37.35,37.77
2012-01-13,37.55,38.0,37.36,37.58
2012-01-17,37.71,37.91,37.12,37.56
2012-01-18,37.57,39.14,37.48,39.09
2012-01-19,39.14,39.7,39.03,39.63
2012-01-20,39.6,40.27,39.44,40.21
2012-01-23,40.27,41.49,40.26,40.97
2012-01-24,40.78,41.3,40.78,41.16
2012-01-25,40.94,41.49,40.24,41.34
2012-01-26,41.54,41.54,40.17,40.3
2012-01-27,40.19,40.22,39.63,40.0
2012-01-30,39.77,39.92,39.433,39.77
2012-01-31,39.85,39.96,39.37,39.49
2012-02-01,39.62,39.99,39.48,39.55
2012-02-02,42.81,43.1,41.27,42.82
2012-02-03,43.1,43.7,43.1,43.59
2012-02-06,43.36,43.58,43.24,43.48
2012-02-07,43.52,43.92,43.42,43.91
2012-02-08,43.8,44.05,43.66,43.98
2012-02-09,43.93,43.93,43.36,43.84
2012-02-10,43.53,44.0,43.34,44.0
2012-02-13,44.03,44.36,43.71,43.78
2012-02-14,43.8,44.08,43.65,44.02
2012-02-15,44.21,44.21,43.21,43.32
2012-02-16,43.16,44.0047,42.6,43.86
2012-02-17,44.07,44.24,43.94,44.12
2012-02-21,44.13,44.38,43.585,43.69
2012-02-22,43.77,43.97,43.25,43.32
2012-02-23,43.39,43.85,43.07,43.7
2012-02-24,43.7,44.14,43.45,43.6
2012-02-27,43.4,44.165,43.25,43.84
2012-02-28,43.93,44.39,43.49,44.27
2012-02-29,44.32,44.82,43.83,43.85
2012-03-01,44.05,44.76,43.9,44.49
2012-03-02,43.88,44.53,42.16,42.71
2012-03-05,43.32,44.44,42.79,44.15
2012-03-06,43.3,44.45,43.27,44.39
2012-03-07,44.47,45.0,44.3,44.9
2012-03-08,44.98,45.09,44.64,45.0
2012-03-09,45.17,45.65,45.01,45.43
2012-03-12,45.4,45.51,45.13,45.31
2012-03-13,45.47,45.9,45.19,45.84
2012-03-14,45.82,45.88,45.31,45.61
2012-03-15,45.61,45.78,45.36,45.56
2012-03-16,45.67,45.74,45.105,45.42
2012-03-19,45.26,45.83,45.121,45.52
2012-03-20,45.22,45.57,44.89,45.52
2012-03-21,45.61,45.81,45.4,45.53
2012-03-22,45.27,45.544,44.98,45.36
2012-03-23,45.4,45.75,44.58,45.66
2012-03-26,46.0499,46.66,45.95,46.4
2012-03-27,46.33,47.2195,46.09,46.81
2012-03-28,46.73,47.11,45.59,45.59
2012-03-29,44.1,44.1,41.99,43.42
2012-03-30,43.74,43.74,42.85,43.02
2012-04-02,42.64,43.88,42.63,43.84
2012-04-03,43.75,44.29,43.52,43.86
2012-04-04,43.53,44.23,43.49,43.93
2012-04-05,43.92,44.39,43.68,43.75
2012-04-09,43.2,43.23,42.56,43.02
2012-04-10,43.04,43.32,42.62,42.8
2012-04-11,43.12,44.42,43.12,44.36
2012-04-12,44.38,45.36,44.3,45.35
2012-04-13,45.34,45.63,45.17,45.51
2012-04-16,45.55,45.56,44.65,45.0
2012-04-17,45.25,45.57,44.93,45.32
2012-04-18,45.21,45.25,44.52,45.04
2012-04-19,45.07,45.54,44.77,45.31
2012-04-20,45.57,45.98,45.45,45.87
2012-04-23,45.43,45.73,45.16,45.71
2012-04-24,37.12,37.25,34.545,34.71
2012-04-25,34.93,35.52,34.46,35.31
2012-04-26,35.33,36.48,35.2,36.29
2012-04-27,36.38,37.625,36.35,37.34
2012-04-30,37.27,37.44,36.17,36.64
2012-05-01,36.67,37.14,36.37,36.45
2012-05-02,36.39,37.31,36.26,37.15
2012-05-03,37.07,37.83,36.93,37.29
2012-05-04,37.05,37.16,36.34,36.53
2012-05-07,36.36,37.46,36.35,37.2
2012-05-08,36.86,36.86,34.53,36.07
2012-05-09,35.85,36.62,35.71,36.21
2012-05-10,36.78,38.15,36.63,36.73
2012-05-11,36.49,36.94,36.21,36.27
2012-05-14,35.99,36.28,35.66,35.74
2012-05-15,35.93,36.73,35.66,36.23
2012-05-16,36.27,36.55,35.94,36.15
2012-05-17,36.05,36.19,34.85,34.94
2012-05-18,35.08,35.49,34.64,35.43
2012-05-21,35.45,35.7,34.91,35.16
2012-05-22,35.52,35.83,34.585,34.79
2012-05-23,33.82,36.7797,33.5,36.31
2012-05-24,36.25,36.31,35.07,35.75
2012-05-25,35.82,37.97,35.82,37.3
2012-05-29,37.39,37.99,37.31,37.86
2012-05-30,37.46,38.0,36.71,37.07
2012-05-31,37.0,37.13,35.96,36.75
2012-06-01,36.02,36.88,36.02,36.52
2012-06-04,36.68,37.2,36.22,37.12
2012-06-05,37.11,37.98,36.88,37.77
2012-06-06,37.97,38.45,37.86,38.18
2012-06-07,38.47,38.49,37.73,37.77
2012-06-08,37.7,38.77,37.7,38.57
2012-06-11,38.77,38.79,37.79,37.83
2012-06-12,38.0,38.32,37.75,38.23
2012-06-13,38.12,38.43,37.46,37.56
2012-06-14,37.81,38.16,37.56,37.74
2012-06-15,37.87,38.03,37.75,37.97
2012-06-18,37.86,38.4,37.77,38.12
2012-06-19,38.42,39.33,38.21,39.14
2012-06-20,39.26,39.72,39.08,39.52
2012-06-21,39.42,39.65,38.36,38.6
2012-06-22,38.69,39.04,38.5,38.98
2012-06-25,38.49,38.81,38.22,38.66
2012-06-26,38.77,40.19,38.72,39.95
2012-06-27,39.98,40.15,39.56,39.94
2012-06-28,39.34,40.3,39.16,40.12
2012-06-29,40.81,41.42,40.59,40.79
2012-07-02,41.03,41.34,40.74,40.88
2012-07-03,40.95,40.95,40.51,40.62
2012-07-05,40.59,40.8,40.16,40.7
2012-07-06,40.46,40.84,40.38,40.67
2012-07-09,40.6,40.74,39.76,40.24
2012-07-10,40.6,40.68,40.155,40.34
2012-07-11,40.45,40.45,38.89,39.21
2012-07-12,39.06,39.25,38.06,39.12
2012-07-13,39.25,39.43,38.73,39.03
2012-07-16,38.89,39.01,38.4,38.63
2012-07-17,38.75,38.96,38.39,38.8
2012-07-18,38.59,39.38,38.59,38.96
2012-07-19,39.14,39.37,38.78,39.16
2012-07-20,39.16,39.54,38.8,39.14
2012-07-23,38.63,39.25,38.435,39.05
2012-07-24,39.18,39.18,38.51,38.93
2012-07-25,38.93,39.14,38.41,38.68
2012-07-26,39.04,39.89,38.51,39.68
2012-07-27,39.99,41.3,39.96,41.01
2012-07-30,41.0,41.29,40.51,40.89
2012-07-31,40.72,40.99,40.35,40.51
2012-08-01,40.65,40.77,40.19,40.52
2012-08-02,40.25,40.98,40.24,40.31
2012-08-03,40.85,41.53,40.76,41.51
2012-08-06,41.68,42.14,41.4501,41.94
2012-08-07,42.0,42.26,41.59,41.66
2012-08-08,41.65,41.85,41.23,41.72
2012-08-09,41.77,41.77,41.115,41.31
2012-08-10,40.0,40.04,38.26,38.44
2012-08-13,38.2,38.26,37.59,38.02
2012-08-14,38.17,38.5,38.09,38.11
2012-08-15,38.08,38.4692,38.06,38.13
2012-08-16,38.09,38.53,38.0,38.43
2012-08-17,38.54,38.8,38.35,38.47
2012-08-20,38.36,38.84,38.09,38.75
2012-08-21,38.8704,39.15,38.63,38.73
2012-08-22,38.55,39.23,38.29,38.84
2012-08-23,31.94,32.4,29.33,30.76
2012-08-24,30.24,30.99,29.92,30.28
2012-08-27,30.37,30.87,30.27,30.64
2012-08-28,30.53,31.3,30.53,31.1
2012-08-29,31.18,31.19,30.42,30.43
2012-08-30,30.43,30.47,30.06,30.37
2012-08-31,30.56,30.56,30.09,30.44
2012-09-04,30.49,30.7,29.99,30.57
2012-09-05,30.62,30.79,30.11,30.56
2012-09-06,30.75,30.92,30.51,30.6
2012-09-07,30.63,30.76,30.35,30.67
2012-09-10,30.68,31.0,30.48,30.51
2012-09-11,30.52,30.61,30.34,30.43
2012-09-12,30.58,30.68,30.32,30.39
2012-09-13,30.4,30.68,30.12,30.46
2012-09-14,30.58,31.9,30.58,31.83
2012-09-17,31.69,31.7999,31.28,31.74
2012-09-18,31.67,31.75,31.33,31.56
2012-09-19,31.47,31.77,31.22,31.44
2012-09-20,31.41,31.53,31.035,31.19
2012-09-21,31.41,31.55,30.77,30.9
2012-09-24,30.72,31.02,30.57,30.87
2012-09-25,31.13,31.34,29.52,29.59
2012-09-26,29.67,29.89,29.08,29.65
2012-09-27,29.7,29.75,29.08,29.43
2012-09-28,29.41,29.85,29.14,29.58
2012-10-01,29.76,30.31,29.76,30.14
2012-10-02,30.26,30.33,29.58,29.65
2012-10-03,29.79,29.93,29.6,29.8
2012-10-04,29.84,30.4,29.82,30.29
2012-10-05,30.44,31.0,30.41,30.71
2012-10-08,30.66,31.03,30.24,30.43
2012-10-09,30.34,30.71,29.84,30.07
2012-10-10,30.135,30.62,30.07,30.38
2012-10-11,30.54,30.97,30.16,30.32
2012-10-12,30.22,30.34,29.85,30.07
2012-10-15,30.38,31.04,30.3704,30.84
2012-10-16,30.97,31.16,30.77,30.89
2012-10-17,30.96,31.26,30.5,30.6
2012-10-18,30.61,30.73,29.91,29.94
2012-10-19,29.99,30.06,29.18,29.22
2012-10-22,29.18,29.49,28.91,29.43
2012-10-23,29.08,29.19,28.47,28.65
2012-10-24,28.81,29.14,28.46,29.0
2012-10-25,29.19,29.54,29.1107,29.21
2012-10-26,29.25,29.25,28.55,28.78
2012-10-31,29.09,29.71,28.94,29.13
2012-11-01,29.17,30.71,29.02,30.52
2012-11-02,30.68,30.8,30.25,30.29
2012-11-05,30.24,30.61,30.06,30.53
2012-11-06,30.69,31.72,30.6,31.14
2012-11-07,30.88,31.08,30.252,30.57
2012-11-08,30.5,30.525,29.55,29.65
2012-11-09,29.57,29.8,28.7897,28.93
2012-11-12,28.95,29.46,28.39,28.91
2012-11-13,28.85,29.27,27.31,27.48
2012-11-14,27.13,27.49,26.8,26.86
2012-11-15,26.98,27.47,26.72,27.39
2012-11-16,27.39,27.39,26.69,27.19
2012-11-19,27.46,27.9,27.3775,27.9
2012-11-20,27.84,27.8595,27.3799,27.55
2012-11-21,27.61,27.815,27.4,27.61
2012-11-23,27.72,28.53,27.72,28.48
2012-11-26,28.41,28.465,27.23,27.72
2012-11-27,27.67,27.97,27.315,27.35
2012-11-28,27.31,27.96,27.24,27.79
2012-11-29,27.9,28.28,27.65,28.12
2012-11-30,28.16,28.25,27.71,28.16
2012-12-03,28.29,28.3,27.34,28.04
2012-12-04,29.86,32.1301,29.85,31.27
2012-12-05,30.92,31.18,29.9,30.06
2012-12-06,29.16,30.67,29.09,29.89
2012-12-07,29.75,29.9499,27.8,28.18
2012-12-10,28.07,28.69,28.0,28.6
2012-12-11,28.71,28.9,28.06,28.26
2012-12-12,28.25,28.43,27.56,27.65
2012-12-13,27.68,28.29,27.68,27.76
2012-12-14,27.65,27.83,27.09,27.22
2012-12-17,27.26,27.76,27.26,27.7
2012-12-18,27.68,29.04,27.68,28.89
2012-12-19,28.96,28.96,28.48,28.5
2012-12-20,28.49,28.57,27.905,27.96
2012-12-21,28.04,28.71,27.8,28.58
2012-12-24,28.39,28.84,28.39,28.55
2012-12-26,28.56,28.68,27.835,28.08
2012-12-27,28.03,28.2,27.39,27.87
2012-12-28,27.66,28.21,27.61,27.75
2012-12-31,27.77,28.48,27.62,28.46
2013-01-02,29.04,29.16,28.105,28.29
2013-01-03,27.92,29.32,27.42,29.08
2013-01-04,29.19,29.56,29.0,29.35
2013-01-07,29.17,29.38,28.84,29.13
2013-01-08,28.97,28.975,28.48,28.54
2013-01-09,28.55,28.68,27.68,27.84
2013-01-10,27.88,28.21,27.52,27.9
2013-01-11,27.9,28.17,27.7,28.17
2013-01-14,28.23,28.965,28.22,28.75
2013-01-15,28.6,29.9198,28.5,29.78
2013-01-16,29.88,30.389,29.65,29.76
2013-01-17,29.96,32.2,29.4,31.22
2013-01-18,31.13,31.4,30.3799,30.8
2013-01-22,30.74,31.51,30.62,31.19
2013-01-23,31.2,31.31,30.71,30.89
2013-01-24,30.92,31.29,30.56,31.15
2013-01-25,31.37,32.15,31.2501,31.82
2013-01-28,31.96,32.44,31.86,32.2
2013-01-29,32.1,32.27,31.8,32.02
2013-01-30,32.09,32.24,31.73,31.81
2013-01-31,31.8,32.66,31.8,32.15
2013-02-01,32.26,32.605,32.0,32.34
2013-02-04,32.12,32.62,32.07,32.5
2013-02-05,32.78,33.11,32.51,32.59
2013-02-06,32.57,33.24,32.5,33.01
2013-02-07,33.03,33.22,32.56,32.89
2013-02-08,32.65,32.98,32.34,32.84
2013-02-11,32.98,33.41,32.85,33.24
2013-02-12,33.19,33.305,32.98,33.25
2013-02-13,33.27,34.0,33.19,33.5
2013-02-14,33.53,34.93,33.3,34.76
2013-02-15,34.7,34.71,33.7,33.85
2013-02-19,34.0,34.41,33.49,34.34
2013-02-20,34.46,34.57,33.62,33.63
2013-02-21,33.6,34.65,33.51,33.62
2013-02-22,33.82,34.03,33.245,33.42
2013-02-25,33.72,33.92,32.61,32.64
2013-02-26,32.86,33.4,32.43,32.61
2013-02-27,32.73,33.35,32.73,33.15
2013-02-28,33.16,33.63,32.92,33.3
2013-03-01,33.12,33.3,32.69,33.1
2013-03-04,33.08,33.14,32.59,32.79
2013-03-05,33.11,34.28,32.8,33.89
2013-03-06,36.36,36.73,35.06,35.97
2013-03-07,35.71,35.85,34.76,35.5
2013-03-08,35.56,35.97,35.33,35.87
2013-03-11,35.8,36.09,35.68,35.87
2013-03-12,35.75,35.91,35.405,35.76
2013-03-13,35.78,36.13,35.76,35.94
2013-03-14,35.94,36.04,35.84,35.91
2013-03-15,35.95,35.99,35.5601,35.67
2013-03-18,35.18,35.6,35.16,35.2
2013-03-19,35.2,35.32,34.6,34.96
2013-03-20,35.2,35.8,35.04,35.7
2013-03-21,35.6,35.6,35.01,35.5
2013-03-22,35.54,35.71,35.32,35.61
2013-03-25,35.91,36.44,35.61,35.74
2013-03-26,35.81,35.81,34.89,35.38
2013-03-27,35.18,35.815,34.9,35.68
2013-03-28,35.71,35.728,35.075,35.27
2013-04-01,35.19,35.56,34.21,34.3
2013-04-02,34.41,34.63,34.215,34.32
2013-04-03,34.42,34.74,33.76,34.07
2013-04-04,34.11,35.45,34.03,35.35
2013-04-05,34.86,35.45,34.8,35.38
2013-04-08,35.46,35.63,34.76,35.62
2013-04-09,35.63,35.83,35.25,35.31
2013-04-10,34.77,36.0,34.77,35.33
2013-04-11,35.36,36.09,35.26,35.93
2013-04-12,35.73,36.35,35.73,36.07
2013-04-15,35.84,35.84,34.67,34.82
2013-04-16,34.96,35.26,34.54,35.26
2013-04-17,35.1,36.2,35.1,36.12
2013-04-18,36.09,36.34,35.69,35.87
2013-04-19,35.99,36.52,35.79,36.51
2013-04-22,36.59,36.7295,36.25,36.62
2013-04-23,36.75,37.17,36.5,36.78
2013-04-24,36.75,37.05,36.5,36.77
2013-04-25,36.96,37.81,36.93,37.28
2013-04-26,37.4,37.4,36.71,36.9
2013-04-29,37.09,37.12,36.28,36.53
2013-04-30,36.45,36.96,36.28,36.42
2013-05-01,36.32,36.65,36.14,36.17
2013-05-02,36.32,36.66,36.07,36.3
2013-05-03,36.49,37.13,36.06,37.0
2013-05-06,36.92,37.62,36.75,37.33
2013-05-07,37.42,37.81,37.27,37.65
2013-05-08,37.71,37.82,37.31,37.38
2013-05-09,37.44,37.6,36.705,36.84
2013-05-10,36.81,37.75,36.77,37.69
2013-05-13,37.75,37.8,37.33,37.66
2013-05-14,37.67,37.84,37.35,37.65
2013-05-15,37.65,37.77,37.27,37.41
2013-05-16,37.26,37.9,37.01,37.31
2013-05-17,37.42,37.4864,37.03,37.34
2013-05-20,37.33,38.42,37.22,38.24
2013-05-21,38.26,39.025,38.26,38.78
2013-05-22,38.9,39.22,38.46,38.49
2013-05-23,38.45,38.79,38.08,38.42
2013-05-24,38.04,38.41,37.72,38.28
2013-05-28,38.64,38.71,37.91,38.05
2013-05-29,37.9,38.52,37.36,38.38
2013-05-30,34.75,36.2,34.11,34.93
2013-05-31,34.81,35.2299,34.05,34.05
2013-06-03,34.02,34.24,33.01,33.27
2013-06-04,33.13,33.39,32.5,33.2
2013-06-05,33.18,33.69,33.11,33.15
2013-06-06,33.13,33.68,33.02,33.45
2013-06-07,33.64,33.98,33.55,33.91
2013-06-10,33.98,34.24,33.77,33.84
2013-06-11,33.58,34.08,33.35,33.62
2013-06-12,33.81,33.83,32.56,32.64
2013-06-13,32.71,33.18,32.47,33.13
2013-06-14,33.13,33.29,32.68,32.86
2013-06-17,33.51,34.08,33.35,33.83
2013-06-18,33.84,34.019,33.55,33.64
2013-06-19,33.69,33.69,33.078,33.09
2013-06-20,32.98,32.98,32.15,32.17
2013-06-21,32.47,32.47,31.6497,31.99
2013-06-24,31.72,31.8,31.17,31.48
2013-06-25,31.75,31.79,31.38,31.75
2013-06-26,31.9,32.03,31.21,31.48
2013-06-27,31.7,31.99,31.36,31.37
2013-06-28,31.35,31.9,31.35,31.53
2013-07-01,31.88,32.13,31.67,31.78
2013-07-02,31.86,32.5,31.86,32.16
2013-07-03,32.11,32.55,31.7825,32.5
2013-07-05,32.74,33.0,32.33,32.97
2013-07-08,33.06,33.54,32.95,33.51
2013-07-09,33.73,34.41,33.73,34.23
2013-07-10,34.44,34.63,34.095,34.38
2013-07-11,34.57,34.83,34.39,34.8
2013-07-12,34.8,35.2399,34.8,35.06
2013-07-15,35.06,36.03,34.99,36.01
2013-07-16,36.09,36.2699,35.8804,36.01
2013-07-17,36.06,36.255,35.97,36.12
2013-07-18,36.23,36.29,35.93,36.02
2013-07-19,36.0,36.36,35.722,36.07
2013-07-22,36.15,36.41,35.98,36.23
2013-07-23,36.28,36.35,35.88,35.98
2013-07-24,36.24,36.24,35.97,36.09
2013-07-25,35.96,36.22,35.66,35.96
2013-07-26,35.86,35.86,35.31,35.76
2013-07-29,35.62,36.045,35.62,36.0
2013-07-30,36.15,36.42,35.82,36.3
2013-07-31,36.34,36.56,36.1,36.13
2013-08-01,36.37,37.27,36.28,36.95
2013-08-02,36.93,36.93,36.39,36.56
2013-08-05,36.44,36.8,36.29,36.68
2013-08-06,36.59,36.84,35.895,36.24
2013-08-07,36.13,36.38,35.8701,36.0
2013-08-08,36.15,36.5,35.86,35.87
2013-08-09,35.81,36.105,35.441,35.68
2013-08-12,35.52,35.935,35.25,35.8
2013-08-13,35.89,36.13,35.605,36.0
2013-08-14,35.9,36.18,35.84,35.99
2013-08-15,35.44,35.75,34.61,34.61
2013-08-16,34.39,34.4,33.77,33.77
2013-08-19,33.63,33.7,33.29,33.3
2013-08-20,33.4,33.695,33.05,33.21
2013-08-21,33.16,33.16,32.43,32.47
2013-08-22,32.43,32.87,32.4,32.49
2013-08-23,32.0,32.46,31.56,32.25
2013-08-26,33.12,34.46,33.12,34.02
2013-08-27,33.63,34.15,33.53,33.93
2013-08-28,34.0,34.71,34.0,34.12
2013-08-29,34.13,34.7,34.13,34.64
2013-08-30,35.35,35.75,34.7601,35.42
2013-09-03,35.65,35.81,34.25,34.4
2013-09-04,34.53,35.06,34.41,34.79
2013-09-05,34.77,35.24,34.77,34.99
2013-09-06,35.0,35.21,34.46,34.91
2013-09-09,34.94,35.4,34.94,35.27
2013-09-10,35.47,35.65,35.12,35.62
2013-09-11,35.65,35.86,35.438,35.77
2013-09-12,35.62,35.96,35.535,35.87
2013-09-13,35.99,36.44,35.82,36.28
2013-09-16,36.73,37.235,36.73,37.01
2013-09-17,37.13,37.56,37.11,37.54
2013-09-18,37.65,37.975,36.98,37.93
2013-09-19,37.87,37.93,37.23,37.36
2013-09-20,37.56,37.6,37.13,37.27
2013-09-23,37.32,37.48,36.95,37.25
2013-09-24,37.38,37.97,37.32,37.66
2013-09-25,37.84,37.84,36.82,37.19
2013-09-26,37.14,37.78,37.14,37.38
2013-09-27,37.31,37.37,37.02,37.02
2013-09-30,36.71,37.3,36.68,37.09
2013-10-01,37.09,37.87,37.03,37.49
2013-10-02,37.31,37.37,36.74,37.19
2013-10-03,37.06,37.33,36.65,36.78
2013-10-04,36.87,36.95,36.45,36.55
2013-10-07,36.3,36.48,35.99,36.15
2013-10-08,36.22,36.38,35.43,35.91
2013-10-09,35.86,35.91,35.26,35.38
2013-10-10,35.69,35.92,35.57,35.88
2013-10-11,35.77,36.1,35.65,36.02
2013-10-14,35.92,36.49,35.72,36.31
2013-10-15,36.31,36.31,35.53,35.84
2013-10-16,35.95,36.49,35.67,36.24
2013-10-17,36.22,36.79,36.11,36.78
2013-10-18,36.79,37.37,36.59,36.99
2013-10-21,36.94,37.15,36.65,36.91
2013-10-22,37.07,37.49,36.91,37.1
2013-10-23,37.1,37.11,36.74,36.96
2013-10-24,36.91,37.03,36.64,36.65
2013-10-25,36.72,37.25,36.555,37.01
2013-10-28,37.19,37.5,36.94,37.05
2013-10-29,37.27,37.47,36.892,37.05
2013-10-30,37.05,37.14,36.44,36.83
2013-10-31,36.82,36.85,36.34,36.36
2013-11-01,36.54,37.05,36.21,36.79
2013-11-04,37.0,37.1,36.71,36.87
2013-11-05,36.84,36.98,36.475,36.65
2013-11-06,36.84,37.07,36.58,36.89
2013-11-07,36.99,37.09,35.63,35.64
2013-11-08,35.7,35.8,35.4,35.67
2013-11-11,35.73,36.9,35.5,36.88
2013-11-12,36.91,37.2,36.79,37.15
2013-11-13,37.1,37.86,37.1,37.78
2013-11-14,37.64,37.75,37.05,37.26
2013-11-15,37.28,37.72,36.87,37.72
2013-11-18,37.83,38.19,37.33,37.58
2013-11-19,37.48,38.17,37.16,37.85
2013-11-20,37.86,38.5,37.83,38.07
2013-11-21,37.65,38.145,37.61,38.0
2013-11-22,37.91,38.43,37.91,38.13
2013-11-25,38.14,38.6,37.98,38.13
2013-11-26,38.18,38.32,37.98,38.17
2013-11-27,38.31,38.52,38.08,38.34
2013-11-29,38.33,38.64,38.09,38.33
2013-12-02,38.28,38.83,38.0,38.67
2013-12-03,38.74,39.015,38.26,38.96
2013-12-04,38.75,38.796,36.01,37.16
2013-12-05,37.05,37.24,36.2,37.13
2013-12-06,34.05,34.25,31.52,32.47
2013-12-09,32.05,32.24,31.12,31.23
2013-12-10,31.19,31.22,30.22,30.69
2013-12-11,30.67,31.46,30.61,31.03
2013-12-12,30.94,31.17,30.81,31.02
2013-12-13,31.01,31.09,30.61,30.92
2013-12-16,30.9,31.2996,30.8,30.94
2013-12-17,30.9,31.5,30.9,30.96
2013-12-18,30.94,31.555,30.87,31.31
2013-12-19,31.32,31.35,30.84,30.86
2013-12-20,30.8,31.33,30.7,31.29
2013-12-23,31.31,31.55,31.23,31.52
2013-12-24,31.59,31.68,31.5,31.57
2013-12-26,31.62,31.92,31.59,31.87
2013-12-27,31.92,32.16,31.85,32.12
2013-12-30,32.04,32.14,31.93,32.06
2013-12-31,32.02,32.45,32.0,32.29
2014-01-02,32.3,32.34,31.95,32.04
2014-01-03,32.09,32.34,32.04,32.13
2014-01-06,32.13,32.23,31.29,31.38
2014-01-07,31.44,31.97,31.33,31.65
2014-01-08,31.62,32.09,31.35,32.04
2014-01-09,31.83,31.83,30.76,30.95
2014-01-10,30.78,31.04,30.7,30.9
2014-01-13,30.86,30.905,29.91,30.09
2014-01-14,30.07,30.54,29.97,30.32
2014-01-15,30.36,30.595,30.25,30.51
2014-01-16,30.96,31.32,28.71,28.98
2014-01-17,28.84,29.04,28.01,28.38
2014-01-21,28.45,28.77,27.93,28.71
2014-01-22,28.75,28.77,28.23,28.24
2014-01-23,28.07,28.25,27.81,28.2
2014-01-24,28.16,28.2,27.25,27.69
2014-01-27,27.69,28.18,27.5,28.01
2014-01-28,28.0,28.1,27.47,27.49
2014-01-29,27.4,27.59,26.94,26.97
2014-01-30,27.07,27.11,26.7,26.91
2014-01-31,26.7,27.03,26.49,26.79
2014-02-03,26.84,26.87,25.7,25.72
2014-02-04,25.83,26.05,25.67,25.89
2014-02-05,25.89,25.9699,25.5,25.71
2014-02-06,25.72,26.69,25.63,26.54
2014-02-07,26.62,27.03,26.53,26.62
2014-02-10,26.54,26.68,26.2,26.52
2014-02-11,26.56,27.295,26.41,27.25
2014-02-12,27.14,27.44,26.18,26.26
2014-02-13,26.11,26.905,26.06,26.56
2014-02-14,26.54,26.98,26.25,26.3
2014-02-18,27.21,27.705,26.73,26.76
2014-02-19,26.78,27.34,26.77,26.88
2014-02-20,26.75,27.06,26.605,26.79
2014-02-21,26.78,27.63,26.71,27.36
2014-02-24,27.41,28.19,27.41,28.01
2014-02-25,28.01,28.47,27.81,28.41
2014-02-26,28.45,29.29,28.41,29.23
2014-02-27,29.25,29.58,28.9803,29.44
2014-02-28,29.42,29.81,29.25,29.55
2014-03-03,29.39,30.18,29.25,29.79
2014-03-04,30.11,30.2,29.12,29.14
2014-03-05,29.19,29.5,29.039,29.3
2014-03-06,29.23,29.56,28.83,29.25
2014-03-07,34.56,36.0,33.6,35.97
2014-03-10,36.56,37.326,36.12,37.14
2014-03-11,37.22,37.298,36.5,37.0
2014-03-12,36.86,37.25,36.52,36.89
2014-03-13,36.79,37.16,36.39,36.46
2014-03-14,36.4,36.95,36.17,36.44
2014-03-17,36.56,37.0,36.28,36.32
2014-03-18,36.33,36.9,36.14,36.84
2014-03-19,36.91,37.73,36.86,37.5
2014-03-20,37.48,37.77,37.34,37.45
2014-03-21,37.59,38.4,37.57,38.02
2014-03-24,38.0,38.33,37.15,37.47
2014-03-25,37.45,37.755,36.65,36.9
2014-03-26,37.12,37.755,36.8,36.99
2014-03-27,37.02,37.46,36.45,36.5
2014-03-28,36.51,37.72,36.32,37.2
2014-03-31,38.12,38.3993,37.815,37.87
2014-04-01,37.74,38.28,37.69,37.96
2014-04-02,37.99,38.9,37.81,38.17
2014-04-03,38.1,38.68,38.095,38.24
2014-04-04,38.39,38.58,37.48,37.51
2014-04-07,37.4,37.47,36.62,36.69
2014-04-08,36.71,37.45,36.63,37.31
2014-04-09,37.4,38.11,37.33,38.1
2014-04-10,38.19,38.62,37.59,38.46
2014-04-11,38.27,38.55,37.94,38.39
2014-04-14,38.6,39.002,38.19,38.48
2014-04-15,38.56,38.98,37.95,38.55
2014-04-16,39.04,39.19,38.66,38.92
2014-04-17,38.92,38.95,38.53,38.72
2014-04-21,39.4,39.64,39.1501,39.46
2014-04-22,39.29,39.73,39.19,39.2
2014-04-23,39.31,40.24,39.31,39.61
2014-04-24,39.81,39.96,39.04,39.39
2014-04-25,39.38,39.83,39.15,39.47
2014-04-28,39.65,39.77,38.17,39.09
2014-04-29,39.38,39.57,38.85,39.34
2014-04-30,39.31,39.54,38.61,39.5
2014-05-01,39.63,39.7,39.13,39.5
2014-05-02,39.56,39.99,39.475,39.79
2014-05-05,39.56,39.57,39.11,39.37
2014-05-06,39.43,39.69,39.01,39.15
2014-05-07,39.19,39.26,38.49,38.88
2014-05-08,38.86,39.92,38.65,38.9
2014-05-09,38.86,39.2,38.7,39.02
2014-05-12,39.07,39.96,39.07,39.81
2014-05-13,39.63,39.85,39.47,39.73
2014-05-14,39.71,39.78,39.15,39.18
2014-05-15,38.92,39.04,37.85,38.09
2014-05-16,38.18,38.98,37.8,38.7
2014-05-19,38.71,38.88,38.48,38.64
2014-05-20,38.54,38.58,37.91,38.02
2014-05-21,38.21,38.4,37.27,37.36
2014-05-22,37.55,38.21,37.55,37.87
2014-05-23,37.79,38.17,37.7,37.97
2014-05-27,38.39,38.409,37.01,37.36
2014-05-28,37.35,37.69,37.01,37.05
2014-05-29,36.95,37.68,36.76,37.51
2014-05-30,42.5,43.2,41.4,42.44
2014-06-02,42.26,43.3,42.15,43.06
2014-06-03,42.99,43.41,42.52,43.27
2014-06-04,43.28,44.31,43.25,43.89
2014-06-05,43.89,44.14,43.05,43.86
2014-06-06,44.0,44.48,43.58,43.67
2014-06-09,44.16,45.0,44.11,44.88
2014-06-10,44.82,44.98,44.49,44.57
2014-06-11,44.54,44.75,44.05,44.52
2014-06-12,44.35,44.58,43.98,44.3
2014-06-13,44.48,44.88,44.26,44.68
2014-06-16,44.22,44.53,43.93,44.35
2014-06-17,44.42,45.62,44.42,45.29
2014-06-18,45.28,45.48,44.74,45.01
2014-06-19,45.06,45.24,44.72,45.05
2014-06-20,45.02,45.28,44.57,45.07
2014-06-23,45.8,46.06,45.23,45.31
2014-06-24,45.11,45.22,44.44,44.6
2014-06-25,44.59,45.18,44.36,44.85
2014-06-26,45.1,45.14,43.04,44.29
2014-06-27,44.27,46.29,44.02,46.17
2014-06-30,45.96,46.16,45.28,45.7
2014-07-01,45.69,46.36,45.69,45.98
2014-07-02,45.91,46.07,45.61,45.75
2014-07-03,45.92,46.39,45.84,46.15
2014-07-07,45.97,46.12,45.61,45.68
2014-07-08,45.66,45.7,44.84,45.04
2014-07-09,44.99,45.83,44.945,45.45
2014-07-10,44.81,45.54,44.62,45.22
2014-07-11,45.05,45.09,43.87,44.29
2014-07-14,44.5,45.07,44.35,44.64
2014-07-15,44.6,44.75,44.22,44.45
2014-07-16,44.68,44.68,43.57,43.82
2014-07-17,43.84,43.86,43.22,43.39
2014-07-18,43.54,44.18,43.28,44.1
2014-07-21,44.0,44.06,43.29,43.48
2014-07-22,43.56,43.73,43.18,43.55
2014-07-23,43.59,43.82,43.27,43.81
2014-07-24,43.89,44.57,43.89,44.46
2014-07-25,44.27,44.46,43.59,43.65
2014-07-28,43.87,44.41,43.68,44.28
2014-07-29,44.22,44.5699,43.85,43.9
2014-07-30,44.14,44.77,43.88,44.23
2014-07-31,43.98,44.4,43.55,43.75
2014-08-01,43.51,43.66,42.9,43.28
2014-08-04,43.42,44.24,43.32,44.09
2014-08-05,43.79,44.56,43.74,44.09
2014-08-06,43.89,44.77,43.81,44.35
2014-08-07,44.55,44.64,43.94,44.15
2014-08-08,44.48,46.1125,44.48,46.02
2014-08-11,45.95,46.32,45.56,46.23
2014-08-12,46.18,46.33,45.49,45.77
2014-08-13,45.85,46.3,45.1,46.15
2014-08-14,46.29,46.935,46.06,46.8
2014-08-15,47.11,47.21,45.93,46.38
2014-08-18,46.96,47.46,46.85,47.13
2014-08-19,47.41,47.76,47.09,47.47
2014-08-20,47.5,47.75,47.16,47.58
2014-08-21,47.55,47.55,46.97,47.15
2014-08-22,47.25,47.47,47.07,47.25
2014-08-25,47.53,47.59,47.01,47.38
2014-08-26,47.62,48.42,47.56,47.97
2014-08-27,48.15,48.52,47.82,47.96
2014-08-28,47.79,48.057,47.09,47.2
2014-08-29,46.69,46.75,45.72,46.35
2014-09-02,46.49,46.77,45.84,46.5
2014-09-03,46.55,46.55,45.67,45.8
2014-09-04,45.98,46.16,45.68,45.92
2014-09-05,45.82,46.46,45.65,46.45
2014-09-08,46.44,46.44,45.92,46.33
2014-09-09,46.1,46.7,45.99,46.37
2014-09-10,46.14,46.3,45.6,46.14
2014-09-11,45.84,46.67,45.7,46.6
2014-09-12,46.63,47.16,46.43,47.13
2014-09-15,47.21,47.32,46.57,46.7
2014-09-16,46.62,47.64,46.365,47.33
2014-09-17,47.26,47.33,46.54,46.69
2014-09-18,46.82,47.02,46.495,46.61
2014-09-19,46.87,46.87,45.55,45.66
2014-09-22,45.66,45.76,44.91,45.03
2014-09-23,44.71,45.22,44.32,44.33
2014-09-24,44.47,44.8,44.27,44.68
2014-09-25,44.58,44.77,44.2,44.6
2014-09-26,44.58,45.11,44.54,44.91
2014-09-29,44.55,45.04,44.35,44.83
2014-09-30,44.73,44.73,43.01,43.05
2014-10-01,42.94,43.15,42.51,42.75
2014-10-02,42.66,43.04,41.69,42.78
2014-10-03,43.16,44.89,42.78,44.46
2014-10-06,44.56,44.63,43.85,43.92
2014-10-07,43.7,44.13,43.42,43.43
2014-10-08,43.52,44.975,43.28,44.89
2014-10-09,44.82,44.9,43.88,44.33
2014-10-10,44.19,44.92,43.74,44.4
2014-10-13,44.22,44.35,43.415,43.48
2014-10-14,43.7,44.35,43.2936,44.26
2014-10-15,43.73,44.03,42.74,43.05
2014-10-16,42.0,42.79,41.23,42.65
2014-10-17,43.37,44.64,43.18,44.33
2014-10-20,44.31,45.49,44.265,45.35
2014-10-21,45.58,46.79,45.44,46.1
2014-10-22,46.32,46.64,45.56,45.6
2014-10-23,45.9,46.38,45.56,45.8
2014-10-24,45.71,45.92,45.25,45.58
2014-10-27,45.41,45.58,44.89,45.11
2014-10-28,45.15,45.42,44.89,45.41
2014-10-29,45.39,45.78,44.82,44.82
2014-10-30,44.68,45.23,44.68,44.95
2014-10-31,45.71,45.89,45.12,45.65
2014-11-03,45.68,45.84,45.3,45.61
2014-11-04,45.71,45.9,44.88,44.94
2014-11-05,45.25,45.6295,44.49,44.49
2014-11-06,44.66,46.54,44.36,46.01
2014-11-07,46.04,47.195,45.9,47.14
2014-11-10,47.04,47.44,46.83,47.0
2014-11-11,47.0,47.41,46.82,47.07
2014-11-12,47.04,48.46,47.04,48.39
2014-11-13,48.56,50.0,48.3,49.75
2014-11-14,49.65,50.53,49.5175,49.79
2014-11-17,49.55,49.97,47.48,47.62
2014-11-18,47.49,48.62,47.4707,48.23
2014-11-19,48.19,48.76,47.71,48.59
2014-11-20,48.63,50.47,48.63,50.32
2014-11-21,50.76,50.83,50.0,50.25
2014-11-24,50.29,50.92,50.12,50.44
2014-11-25,50.56,50.75,50.02,50.14
2014-11-26,50.24,50.49,49.71,49.8
2014-11-28,49.8,51.75,49.8,50.8
2014-12-01,48.58,48.59,47.14,47.57
2014-12-02,48.05,48.78,47.44,47.92
2014-12-03,48.07,48.705,47.82,48.54
2014-12-04,48.3,48.5399,47.46,47.95
2014-12-05,44.489,44.53,39.94,40.0
2014-12-08,39.74,41.53,39.59,41.25
2014-12-09,40.6,41.41,39.91,41.18
2014-12-10,41.26,41.47,39.9,39.97
2014-12-11,40.12,41.15,40.06,40.67
2014-12-12,40.19,40.82,39.73,39.98
2014-12-15,40.29,40.35,38.545,38.8
2014-12-16,38.99,39.14,38.15,38.38
2014-12-17,38.71,39.87,38.46,39.76
2014-12-18,40.17,40.2,39.5,39.79
2014-12-19,39.85,39.85,38.19,38.39
2014-12-22,38.5,38.95,38.32,38.92
2014-12-23,39.07,39.49,38.59,38.61
2014-12-24,38.71,39.59,38.63,39.31
2014-12-26,39.3,39.46,38.8,38.94
2014-12-29,38.94,39.35,38.65,39.09
2014-12-30,39.18,40.47,39.06,40.15
2014-12-31,40.19,41.12,40.0,40.02
2015-01-02,40.36,40.46,38.98,39.29
2015-01-05,39.07,40.14,38.77,39.74
2015-01-06,39.69,40.1,38.74,39.31
2015-01-07,39.71,41.72,39.71,41.63
2015-01-08,42.06,43.85,42.01,43.76
2015-01-09,43.59,44.16,43.01,43.69
2015-01-12,43.91,44.62,43.08,44.43
2015-01-13,44.69,46.2,44.28,44.63
2015-01-14,44.46,45.65,43.85,45.38
2015-01-15,45.51,45.95,44.22,44.73
2015-01-16,44.7,45.62,44.42,45.55
2015-01-20,45.65,45.65,43.64,44.14
2015-01-21,44.24,44.9,43.96,44.53
2015-01-22,44.62,45.54,44.48,45.17
2015-01-23,45.29,47.03,44.72,46.76
2015-01-26,46.62,47.54,46.2458,47.45
2015-01-27,47.11,47.96,46.68,47.6
2015-01-28,47.96,48.22,46.07,46.1
2015-01-29,46.32,46.9,45.76,46.8
2015-01-30,46.54,46.76,45.4,45.91
2015-02-02,45.9,46.22,44.45,46.09
2015-02-03,46.09,47.25,46.01,47.2
2015-02-04,46.79,47.75,46.7,47.48
2015-02-05,47.52,48.0,47.01,47.45
2015-02-06,47.49,47.77,47.02,47.58
2015-02-09,47.38,47.648,46.93,46.96
2015-02-10,47.41,47.91,46.96,47.65
2015-02-11,47.73,48.142,47.31,47.78
2015-02-12,47.95,48.1599,47.29,48.08
2015-02-13,48.11,48.38,46.82,47.02
2015-02-17,46.67,48.09,46.41,48.06
2015-02-18,47.85,48.69,47.75,48.5
2015-02-19,48.26,48.83,48.0325,48.21
2015-02-20,48.03,48.59,47.93,48.27
2015-02-23,48.47,48.905,47.9501,48.13
2015-02-24,48.5,48.9093,48.23,48.58
2015-02-25,48.63,48.8,48.0,48.09
2015-02-26,48.14,48.59,47.41,47.73
2015-02-27,47.77,48.14,47.42,47.71
2015-03-02,47.74,49.4,47.74,48.88
2015-03-03,49.12,49.42,47.61,47.69
2015-03-04,47.65,48.0,47.37,47.41
2015-03-05,47.4,47.89,47.05,47.82
2015-03-06,49.2,49.9,48.36,48.52
2015-03-09,49.04,51.11,48.95,50.96
2015-03-10,49.75,50.25,48.42,49.13
2015-03-11,49.63,50.46,49.47,49.95
2015-03-12,50.39,50.77,50.01,50.44
2015-03-13,50.24,50.68,50.0,50.06
2015-03-16,50.26,50.56,49.96,50.17
2015-03-17,49.97,50.25,49.589,49.85
2015-03-18,49.75,50.52,49.46,50.27
2015-03-19,50.07,50.29,49.86,50.04
2015-03-20,50.11,50.69,49.7,50.14
2015-03-23,50.13,50.81,49.9229,50.41
2015-03-24,50.4,50.51,49.75,49.85
2015-03-25,49.85,50.45,49.08,49.08
2015-03-26,49.21,49.63,48.71,48.73
2015-03-27,48.76,49.4,48.76,48.99
2015-03-30,49.25,49.66,49.02,49.04
2015-03-31,48.91,49.31,48.02,48.03
2015-04-01,47.96,48.81,47.2,48.39
2015-04-02,48.59,49.22,48.33,49.0
2015-04-06,48.87,49.49,48.68,49.38
2015-04-07,49.26,49.61,48.44,48.5
2015-04-08,48.35,48.82,48.18,48.45
2015-04-09,47.94,48.28,47.33,47.47
2015-04-10,47.67,47.96,47.29,47.93
2015-04-13,47.7,47.825,46.99,47.03
2015-04-14,47.13,47.13,46.15,46.68
2015-04-15,46.75,47.46,46.47,46.55
2015-04-16,46.46,46.89,46.23,46.7
2015-04-17,46.55,46.8,45.93,45.95
2015-04-20,46.13,46.99,45.97,46.72
2015-04-21,47.1,47.26,46.6935,47.04
2015-04-22,47.0,47.23,46.51,47.15
2015-04-23,47.0,48.03,46.77,47.73
2015-04-24,47.75,48.09,47.38,47.57
2015-04-27,47.8,47.85,46.47,46.62
2015-04-28,46.57,47.38,46.15,46.7
2015-04-29,46.15,46.5,44.95,45.33
2015-04-30,45.21,45.85,45.14,45.57
2015-05-01,45.74,46.53,45.53,46.13
2015-05-04,46.11,46.8078,45.8,46.68
2015-05-05,46.68,47.535,46.51,46.96
2015-05-06,47.18,47.18,45.97,46.52
2015-05-07,46.52,47.35,46.34,47.31
2015-05-08,47.61,48.13,47.47,47.99
2015-05-11,48.15,48.47,48.12,48.15
2015-05-12,47.91,48.26,47.4,48.0
2015-05-13,48.13,48.53,47.35,47.79
2015-05-14,47.67,47.67,45.99,46.06
2015-05-15,46.17,46.43,45.92,46.32
2015-05-18,46.4,46.73,45.85,46.07
2015-05-19,46.0,46.12,45.13,45.18
2015-05-20,45.28,45.36,44.52,45.12
2015-05-21,44.93,46.05,44.71,45.96
2015-05-22,45.74,46.01,45.44,45.65
2015-05-26,45.71,46.35,45.45,45.96
2015-05-27,46.04,46.37,45.25,45.3
2015-05-28,45.45,45.669,44.33,45.08
2015-05-29,44.99,45.95,43.75,43.9
2015-06-01,44.1,45.19,43.96,44.89
2015-06-02,45.77,46.64,45.73,46.32
2015-06-03,46.67,46.67,46.3,46.33
2015-06-04,46.26,46.63,45.82,45.91
2015-06-05,46.03,46.11,45.25,45.26
2015-06-08,45.4,46.19,45.25,45.8
2015-06-09,45.92,46.28,45.53,46.0
2015-06-10,45.71,46.74,45.67,46.68
2015-06-11,46.82,47.39,46.63,46.86
2015-06-12,46.81,47.25,46.622,46.66
2015-06-15,46.48,47.04,46.03,46.67
2015-06-16,46.55,47.3,46.35,46.43
2015-06-17,46.59,46.96,46.31,46.55
2015-06-18,46.59,46.91,46.32,46.41
2015-06-19,46.45,47.03,46.37,46.53
2015-06-22,46.78,46.91,46.22,46.27
2015-06-23,46.48,47.18,46.48,46.72
2015-06-24,46.83,47.15,46.52,46.96
2015-06-25,46.95,47.13,46.01,46.22
2015-06-26,46.2,46.51,45.9,46.26
2015-06-29,46.18,46.57,44.39,44.44
2015-06-30,44.81,45.29,44.525,44.99
2015-07-01,45.24,45.66,44.96,45.02
2015-07-02,45.24,46.15,45.12,45.25
2015-07-06,44.93,45.475,44.68,45.29
2015-07-07,45.5,46.58,45.19,46.43
2015-07-08,46.1,46.49,45.53,45.65
2015-07-09,46.15,46.39,45.35,45.69
2015-07-10,46.06,46.66,46.03,46.51
2015-07-13,46.81,47.245,46.56,47.1
2015-07-14,46.9,47.0,45.98,46.36
2015-07-15,46.04,46.04,44.16,44.36
2015-07-16,44.54,44.7501,44.05,44.08
2015-07-17,44.17,44.17,42.88,43.02
2015-07-20,42.98,43.24,42.64,42.9
2015-07-21,42.99,43.21,42.806,43.13
2015-07-22,43.18,43.87,43.01,43.53
2015-07-23,43.63,43.83,43.2,43.26
2015-07-24,43.13,43.2,42.13,42.16
2015-07-27,41.91,41.96,41.37,41.81
2015-07-28,42.1,43.41,41.89,43.23
2015-07-29,43.1,43.34,42.82,43.08
2015-07-30,42.89,43.27,42.71,42.99
2015-07-31,43.19,43.685,42.83,43.18
2015-08-03,43.24,43.5,42.64,42.85
2015-08-04,42.82,43.33,42.65,42.86
2015-08-05,43.12,43.8,43.05,43.27
2015-08-06,43.21,43.21,42.24,42.27
2015-08-07,42.04,42.28,41.76,41.89
2015-08-10,42.19,43.49,42.19,43.34
2015-08-11,43.1,43.5,42.36,42.48
2015-08-12,42.2,42.59,41.66,42.39
2015-08-13,42.48,43.015,42.1425,42.36
2015-08-14,42.53,43.36,42.33,43.06
2015-08-17,42.72,42.94,42.17,42.94
2015-08-18,42.97,43.4295,42.73,43.34
2015-08-19,43.23,43.57,42.72,43.22
2015-08-20,42.71,43.46,42.02,42.05
2015-08-21,41.1,42.46,40.81,41.11
2015-08-24,41.06,42.97,39.77,40.85
2015-08-25,42.07,42.07,40.44,40.47
2015-08-26,41.14,41.6999,40.02,40.99
2015-08-27,41.3,42.92,41.14,42.0
2015-08-28,46.86,48.995,46.08,48.58
2015-08-31,48.5,48.84,47.67,47.99
2015-09-01,47.39,48.1,46.43,46.86
2015-09-02,47.23,47.55,46.765,47.08
2015-09-03,47.13,47.37,46.26,46.43
2015-09-04,45.77,46.31,45.5,45.91
2015-09-08,46.53,47.29,46.28,46.95
2015-09-09,47.16,48.03,46.81,46.87
2015-09-10,46.68,47.04,44.88,45.02
2015-09-11,44.83,45.13,44.22,44.72
2015-09-14,44.81,44.94,44.12,44.27
2015-09-15,44.67,44.736,44.18,44.53
2015-09-16,44.5,45.63,44.458,45.57
2015-09-17,45.53,46.02,45.06,45.17
2015-09-18,44.85,45.33,44.46,44.97
2015-09-21,45.27,45.926,45.02,45.5
2015-09-22,45.16,46.48,44.96,46.43
2015-09-23,46.3,47.115,46.19,46.87
2015-09-24,46.71,47.74,46.3,47.65
2015-09-25,48.01,49.18,48.01,48.99
2015-09-28,49.01,49.08,47.99,48.7
2015-09-29,48.26,48.95,46.9,47.37
2015-09-30,47.85,48.06,47.17,47.92
2015-10-01,47.76,48.53,47.3601,47.93
2015-10-02,47.55,48.63,46.6,48.61
2015-10-05,48.92,49.22,48.57,49.04
2015-10-06,48.82,49.29,48.59,48.63
2015-10-07,48.63,49.6299,48.27,49.52
2015-10-08,49.42,49.75,48.93,49.5
2015-10-09,49.38,50.065,48.8435,50.01
2015-10-12,50.14,50.148,49.5,49.52
2015-10-13,49.07,49.98,48.9,49.01
2015-10-14,48.94,49.17,46.8,47.18
2015-10-15,47.37,47.45,46.08,47.24
2015-10-16,47.41,48.02,46.8966,47.82
2015-10-19,47.72,47.88,47.33,47.62
2015-10-20,47.78,47.78,47.04,47.17
2015-10-21,47.37,47.61,46.94,46.97
2015-10-22,47.09,47.99,46.86,47.04
2015-10-23,47.42,47.55,45.63,46.16
2015-10-26,46.04,47.08,45.9,46.76
2015-10-27,46.62,47.36,46.29,46.69
2015-10-28,46.84,48.37,46.5,48.36
2015-10-29,48.05,48.38,47.16,47.8
2015-10-30,47.43,47.44,45.75,46.1
2015-11-02,45.94,46.95,44.81,46.77
2015-11-03,47.09,48.066,46.86,47.47
2015-11-04,47.35,47.6,46.64,47.24
2015-11-05,47.59,47.93,46.88,47.9
2015-11-06,47.67,48.07,47.27,48.04
2015-11-09,47.97,48.1399,46.605,47.08
2015-11-10,47.0,47.89,46.7,47.67
2015-11-11,47.39,47.65,46.1,46.14
2015-11-12,46.11,46.37,45.12,45.14
2015-11-13,44.52,44.6899,41.04,41.47
2015-11-16,41.29,42.21,41.01,42.19
2015-11-17,42.61,43.81,42.49,43.56
2015-11-18,43.4,43.96,43.06,43.88
2015-11-19,43.78,44.0,43.1,43.42
2015-11-20,43.82,44.8,43.79,44.32
2015-11-23,44.18,46.08,44.1,45.97
2015-11-24,45.41,47.54,45.12,46.99
2015-11-25,47.13,47.705,46.84,47.24
2015-11-27,47.39,47.44,46.39,47.38
2015-11-30,47.4,47.7099,44.785,44.99
2015-12-01,45.01,45.46,44.57,45.03
2015-12-02,44.95,45.92,44.82,45.16
2015-12-03,45.58,45.58,42.5,42.74
2015-12-04,41.48,42.48,39.07,40.04
2015-12-07,39.58,40.42,38.96,40.21
2015-12-08,39.7,39.97,38.99,39.25
2015-12-09,38.89,39.49,38.61,38.75
2015-12-10,38.71,38.93,38.19,38.65
2015-12-11,38.15,38.84,38.05,38.35
2015-12-14,38.32,38.73,37.68,38.21
2015-12-15,38.35,39.24,38.03,38.43
2015-12-16,38.7,38.88,38.15,38.59
2015-12-17,38.7,38.7,37.6,37.65
2015-12-18,37.47,38.31,37.41,38.15
2015-12-21,38.05,38.66,37.91,38.63
2015-12-22,38.67,39.5,38.45,39.23
2015-12-23,39.41,39.83,38.8,39.7
2015-12-24,39.62,39.72,39.02,39.16
2015-12-28,39.19,39.29,38.6,39.22
2015-12-29,39.32,40.29,39.32,39.85
2015-12-30,39.71,40.04,38.92,39.03
2015-12-31,38.97,39.33,38.52,38.54
2016-01-04,38.04,38.97,37.7,38.34
2016-01-05,38.54,38.7799,37.55,38.32
2016-01-06,37.96,38.215,37.27,37.81
2016-01-07,37.27,38.2,37.16,37.58
2016-01-08,37.5,38.35,36.87,37.0
2016-01-11,37.31,37.64,36.33,36.72
2016-01-12,37.82,40.635,37.47,38.56
2016-01-13,38.47,38.54,37.14,37.21
2016-01-14,37.07,37.64,36.0,36.62
2016-01-15,35.26,36.23,33.78,35.96
2016-01-19,36.35,36.53,35.52,35.88
2016-01-20,35.5,36.42,34.8,36.15
2016-01-21,36.35,37.31,35.9,36.32
2016-01-22,36.8,36.98,36.24,36.79
2016-01-25,36.65,36.765,36.02,36.09
2016-01-26,36.18,37.58,36.18,37.37
2016-01-27,37.31,37.71,36.7,37.08
2016-01-28,37.36,37.62,36.88,37.29
2016-01-29,37.45,38.81,37.45,38.78
2016-02-01,38.4,39.22,38.21,39.2
2016-02-02,39.0,39.35,38.72,39.24
2016-02-03,39.39,39.43,38.33,39.02
2016-02-04,38.48,38.56,37.01,37.75
2016-02-05,37.7,38.1594,37.04,37.34
2016-02-08,37.02,37.2661,36.45,37.14
2016-02-09,36.82,37.43,36.195,36.34
2016-02-10,36.58,37.33,36.37,36.63
2016-02-11,36.25,36.809,35.86,36.19
2016-02-12,36.37,36.71,35.9,36.25
2016-02-16,36.61,37.89,36.31,37.62
2016-02-17,37.77,38.31,37.44,37.78
2016-02-18,37.36,38.26,36.44,38.02
2016-02-19,37.77,37.93,37.14,37.75
2016-02-22,37.56,38.2799,37.45,38.11
2016-02-23,38.53,38.98,38.0,38.68
2016-02-24,38.54,39.92,38.36,39.79
2016-02-25,40.04,40.0599,39.285,39.84
2016-02-26,39.93,40.45,39.715,40.33
2016-02-29,40.27,40.87,40.11,40.45
2016-03-01,40.37,41.72,40.03,41.71
2016-03-02,41.51,41.66,40.89,41.6
2016-03-03,41.25,42.02,41.23,41.89
2016-03-04,42.4,43.97,42.4,42.9
2016-03-07,43.09,46.13,42.46,45.5
2016-03-08,45.63,45.91,44.5,44.58
2016-03-09,44.78,45.03,44.16,44.87
2016-03-10,45.47,45.92,44.47,45.65
2016-03-11,45.86,46.065,45.5,45.61
2016-03-14,45.91,46.01,44.43,44.89
2016-03-15,44.71,44.94,43.98,44.12
2016-03-16,43.09,44.14,43.04,43.86
2016-03-17,43.78,44.89,43.33,44.77
2016-03-18,44.73,45.23,44.35,44.65
2016-03-21,44.48,45.3002,44.38,45.23
2016-03-22,45.04,45.3299,44.44,44.8
2016-03-23,44.69,44.69,43.46,43.78
2016-03-24,43.51,44.54,43.24,44.22
2016-03-28,44.27,45.5,44.05,45.12
2016-03-29,45.29,45.58,44.835,45.41
2016-03-30,45.54,45.67,45.23,45.41
2016-03-31,45.36,45.72,44.66,45.29
2016-04-01,45.29,45.66,45.12,45.2
2016-04-04,45.19,45.5,44.35,45.17
2016-04-05,44.73,45.18,44.19,44.24
2016-04-06,44.37,44.74,43.68,44.52
2016-04-07,44.36,44.86,43.8,44.35
2016-04-08,44.73,44.73,43.91,44.52
2016-04-11,44.61,45.3,44.46,44.83
2016-04-12,44.93,45.62,44.37,45.42
2016-04-13,45.43,46.5,45.2218,46.19
2016-04-14,45.91,46.09,44.96,45.59
2016-04-15,45.55,46.49,45.12,46.31
2016-04-18,45.89,46.55,45.89,46.28
2016-04-19,46.5,46.97,46.5,46.64
2016-04-20,46.47,47.2,46.31,46.96
2016-04-21,47.06,47.45,46.28,46.5
2016-04-22,46.42,46.88,46.16,46.25
2016-04-25,46.02,47.08,45.83,46.89
2016-04-26,46.89,47.95,46.55,47.68
2016-04-27,47.53,47.875,46.73,47.1
2016-04-28,46.99,47.45,46.64,46.92
2016-04-29,46.8,46.8,45.55,45.86
2016-05-02,46.13,47.04,45.76,46.44
2016-05-03,46.27,46.31,45.74,46.02
2016-05-04,45.91,46.44,45.78,45.92
2016-05-05,46.0,46.0,45.0,45.22
2016-05-06,45.14,45.72,44.63,45.61
2016-05-09,45.99,46.93,45.46,46.7
2016-05-10,46.58,46.58,45.93,45.98
2016-05-11,45.3,45.71,44.44,44.54
2016-05-12,44.41,44.98,43.95,44.43
2016-05-13,44.14,45.19,43.76,43.78
2016-05-16,43.81,45.12,43.695,44.47
2016-05-17,44.56,44.895,43.9,44.07
2016-05-18,43.5,43.65,41.71,41.86
2016-05-19,42.36,43.61,42.25,42.93
2016-05-20,42.92,43.67,42.29,43.64
2016-05-23,42.07,43.61,41.94,41.99
2016-05-24,41.81,43.65,41.6133,43.34
2016-05-25,43.25,43.78,42.87,43.66
2016-05-26,44.32,45.36,44.17,44.66
2016-05-27,50.0,51.07,47.9,50.95
2016-05-31,50.95,53.053,50.74,52.3
2016-06-01,52.23,52.42,50.95,52.42
2016-06-02,51.95,52.685,51.05,52.35
2016-06-03,52.68,53.35,51.89,53.08
2016-06-06,53.15,53.189,51.92,52.02
2016-06-07,51.95,53.015,51.95,52.85
2016-06-08,52.5,53.2,52.3,53.07
2016-06-09,53.04,53.2,52.48,52.89
2016-06-10,52.43,52.75,52.08,52.66
2016-06-13,52.53,52.58,51.27,51.42
2016-06-14,51.56,51.84,50.42,50.69
2016-06-15,51.07,51.85,50.88,51.0
2016-06-16,50.88,51.115,50.26,50.52
2016-06-17,50.71,51.1,50.15,50.22
2016-06-20,50.7,51.06,50.37,50.58
2016-06-21,50.53,50.77,49.57,49.59
2016-06-22,49.9,50.35,49.32,49.61
2016-06-23,49.98,49.98,49.2,49.26
2016-06-24,48.7,49.71,48.15,49.29
2016-06-27,48.98,49.23,47.94,49.04
2016-06-28,49.07,49.79,49.07,49.68
2016-06-29,50.44,50.94,49.9,50.44
2016-06-30,50.66,50.73,49.93,50.11
2016-07-01,50.08,50.6799,49.671,50.09
2016-07-05,50.18,51.0,49.71,49.98
2016-07-06,49.73,50.18,49.5,50.09
2016-07-07,50.24,50.76,49.83,50.27
2016-07-08,50.5,51.17,50.5,51.1
2016-07-11,51.55,53.03,51.55,52.55
2016-07-12,52.62,53.2,52.52,52.73
2016-07-13,52.63,53.45,52.08,52.14
2016-07-14,52.36,52.51,51.34,51.35
2016-07-15,51.55,51.7899,50.57,51.37
2016-07-18,51.44,52.64,51.39,52.59
2016-07-19,52.73,52.94,52.17,52.32
2016-07-20,52.36,53.0,52.09,52.82
2016-07-21,52.83,52.92,52.32,52.42
2016-07-22,52.51,53.4,52.29,53.28
2016-07-25,53.38,53.83,52.97,53.81
2016-07-26,53.81,53.95,52.92,53.71
2016-07-27,53.58,53.7,52.07,52.75
2016-07-28,52.65,52.96,51.86,52.74
2016-07-29,52.74,53.34,52.11,53.18
2016-08-01,53.18,54.15,52.665,54.09
2016-08-02,53.5,53.8,51.14,51.18
2016-08-03,50.65,52.49,49.74,52.47
2016-08-04,52.4,53.16,52.315,52.57
2016-08-05,52.84,54.55,52.77,53.63
2016-08-08,53.99,54.42,53.57,53.7
2016-08-09,53.52,54.37,52.565,53.63
2016-08-10,53.7,54.28,53.18,53.97
2016-08-11,54.45,55.9,53.98,54.8
2016-08-12,54.99,55.27,54.3,55.26
2016-08-15,55.26,56.3,55.07,55.76
2016-08-16,55.55,55.6,54.74,54.92
2016-08-17,54.73,55.175,54.02,54.5
2016-08-18,54.73,54.87,54.11,54.49
2016-08-19,54.28,54.46,53.07,53.45
2016-08-22,53.23,53.52,52.76,53.3
2016-08-23,53.45,56.02,53.45,55.56
2016-08-24,55.0,55.47,54.58,55.32
2016-08-25,53.93,54.995,51.4884,52.94
2016-08-26,54.47,54.99,50.12,50.57
2016-08-29,51.04,51.88,50.58,51.22
2016-08-30,51.22,51.509,49.75,50.01
2016-08-31,50.03,50.3,48.9401,49.32
2016-09-01,49.18,49.94,48.9501,49.4
2016-09-02,49.72,50.21,49.52,49.89
2016-09-06,49.86,50.01,49.11,49.44
2016-09-07,48.88,49.49,48.56,49.41
2016-09-08,49.07,49.44,48.89,49.15
2016-09-09,48.65,48.925,48.28,48.29
2016-09-12,48.01,48.83,47.99,48.69
2016-09-13,48.51,48.51,47.29,47.39
2016-09-14,47.38,47.89,45.83,47.53
2016-09-15,47.56,47.92,47.13,47.9
2016-09-16,47.82,48.0,47.19,47.28
2016-09-19,47.52,47.83,46.685,47.0
2016-09-20,47.34,47.63,46.83,47.2
2016-09-21,47.14,48.12,47.09,48.01
2016-09-22,48.14,48.75,47.43,47.82
2016-09-23,47.35,47.96,46.09,46.5
2016-09-26,46.02,46.41,45.78,46.22
2016-09-27,46.4,47.4799,46.37,47.41
2016-09-28,47.54,47.59,46.31,46.78
2016-09-29,47.03,47.9,46.97,47.81
2016-09-30,48.18,48.46,47.73,47.75
2016-10-03,47.56,48.0,47.37,47.81
2016-10-04,47.81,47.85,46.83,46.97
2016-10-05,47.28,47.4,46.5,46.52
2016-10-06,46.26,46.91,45.98,46.88
2016-10-07,46.93,47.51,46.55,47.1
2016-10-10,47.1,47.39,46.45,46.49
2016-10-11,46.43,46.47,45.68,45.98
2016-10-12,46.15,46.66,46.0,46.45
2016-10-13,46.25,46.3375,45.165,45.22
2016-10-14,45.32,45.4499,44.72,44.81
2016-10-17,44.81,45.09,44.15,44.33
2016-10-18,44.62,44.85,44.46,44.61
2016-10-19,44.64,44.84,43.98,44.79
2016-10-20,44.79,44.81,44.48,44.61
2016-10-21,44.43,44.705,44.01,44.68
2016-10-24,45.15,45.28,44.55,44.92
2016-10-25,44.47,44.675,43.81,43.83
2016-10-26,43.56,44.075,43.285,43.29
2016-10-27,43.28,43.52,42.4,42.69
2016-10-28,42.69,43.67,42.4346,43.15
2016-10-31,43.26,43.445,42.86,43.4
2016-11-01,43.4,43.56,42.58,42.87
2016-11-02,42.63,43.8,42.63,43.51
2016-11-03,43.48,43.74,43.01,43.12
2016-11-04,43.18,43.94,42.74,43.64
2016-11-07,44.22,44.99,44.205,44.8
2016-11-08,44.77,45.26,44.29,44.73
2016-11-09,43.76,46.82,43.3201,46.59
2016-11-10,47.29,48.9,47.22,48.15
2016-11-11,48.32,50.4,47.82,50.26
2016-11-14,50.37,52.21,50.23,51.3
2016-11-15,51.02,51.3622,50.0,50.61
2016-11-16,51.51,51.59,50.17,50.65
2016-11-17,50.39,51.15,50.065,51.05
2016-11-18,50.76,51.18,50.36,51.06
2016-11-21,51.0,51.435,50.67,51.28
2016-11-22,51.92,53.99,51.905,53.02
2016-11-23,52.78,53.11,52.18,52.59
2016-11-25,53.25,53.71,52.255,52.41
2016-11-28,52.46,52.82,51.17,51.68
2016-11-29,51.75,52.2,51.385,51.79
2016-11-30,52.02,52.02,50.36,50.61
2016-12-01,50.11,50.97,49.81,50.77
2016-12-02,52.7,53.7,49.67,51.39
2016-12-05,51.49,52.43,50.31,51.78
2016-12-06,52.0,54.115,51.56,53.87
2016-12-07,53.98,54.96,53.08,54.49
2016-12-08,54.47,55.87,54.0,55.5
2016-12-09,55.2,55.7448,54.6,54.88
2016-12-12,55.11,55.16,53.78,54.17
2016-12-13,54.03,55.02,53.83,54.75
2016-12-14,54.57,54.95,53.865,54.16
2016-12-15,54.4,55.54,54.11,55.08
2016-12-16,55.26,55.88,54.75,55.22
2016-12-19,55.5,56.23,55.22,55.66
2016-12-20,55.89,56.54,55.68,56.02
2016-12-21,55.8,55.979,54.97,54.98
2016-12-22,54.83,54.83,50.89,50.92
2016-12-23,50.99,51.72,50.99,51.3
2016-12-27,51.47,52.29,51.2,51.65
2016-12-28,51.9,52.02,50.62,50.89
2016-12-29,51.12,51.85,50.32,50.68
2016-12-30,50.72,50.96,50.03,50.21
2017-01-03,50.38,50.62,48.95,49.51
2017-01-04,49.93,51.24,49.93,50.85
2017-01-05,49.24,49.735,48.07,49.58
2017-01-06,49.83,50.09,48.6,49.19
2017-01-09,49.37,50.31,49.01,50.24
2017-01-10,50.05,52.02,49.75,51.49
2017-01-11,51.55,51.685,50.28,50.7
2017-01-12,50.41,50.777,49.58,50.5
2017-01-13,50.67,51.26,50.24,50.46
2017-01-17,50.68,52.56,50.06,50.2
2017-01-18,49.55,50.44,49.06,50.23
2017-01-19,50.17,50.4,49.07,49.21
2017-01-20,49.48,49.72,48.71,49.22
2017-01-23,48.84,49.22,48.5,48.7
2017-01-24,48.69,49.5126,48.6,49.2
2017-01-25,49.49,50.45,49.41,49.46
2017-01-26,49.75,50.035,49.22,49.28
2017-01-27,49.37,49.59,48.5,48.67
2017-01-30,48.5,48.81,47.61,48.56
2017-01-31,48.26,50.35,47.95,50.0
2017-02-01,50.0,50.59,49.2321,49.55
2017-02-02,49.78,51.2,49.23,49.9
2017-02-03,50.12,50.68,49.49,50.51
2017-02-06,50.27,50.6005,49.5,49.65
2017-02-07,49.65,50.37,49.29,50.33
2017-02-08,50.06,51.41,49.67,51.22
2017-02-09,51.31,53.41,50.99,52.97
2017-02-10,52.4,53.3,51.89,53.14
2017-02-13,53.55,53.78,51.53,51.54
2017-02-14,51.53,52.81,51.04,52.01
2017-02-15,51.92,52.29,51.42,51.67
2017-02-16,51.83,52.14,50.97,51.53
2017-02-17,51.53,52.3413,51.52,52.11
2017-02-21,52.6,53.32,52.21,52.92
2017-02-22,52.84,52.96,52.23,52.66
2017-02-23,52.9,53.48,51.27,51.35
2017-02-24,51.35,53.14,51.21,52.3
2017-02-27,52.26,53.5,51.93,53.22
2017-02-28,52.16,52.43,51.04,51.34
2017-03-01,52.47,52.57,51.11,51.98
2017-03-02,52.06,53.285,51.96,52.25
2017-03-03,54.23,55.1,53.2539,54.23
2017-03-06,54.27,54.275,53.35,53.57
2017-03-07,51.17,52.915,51.17,51.8
2017-03-08,51.41,52.3,51.17,51.84
2017-03-09,51.73,52.03,51.25,51.47
2017-03-10,51.46,51.89,51.08,51.26
2017-03-13,51.09,51.3,49.18,49.49
2017-03-14,49.49,49.75,48.4,48.69
2017-03-15,48.57,49.57,48.2,49.52
2017-03-16,49.31,50.385,49.03,49.98
2017-03-17,50.4,50.48,49.485,50.01
2017-03-20,50.0,50.13,48.6403,48.72
2017-03-21,48.9,48.9,47.15,47.68
2017-03-22,47.77,48.39,47.1501,48.26
2017-03-23,48.52,49.14,48.19,48.45
2017-03-24,48.45,48.65,47.93,48.16
2017-03-27,47.79,48.57,47.61,48.11
2017-03-28,48.13,48.77,48.02,48.71
2017-03-29,47.43,49.55,46.99,49.36
2017-03-30,49.17,49.71,48.83,49.17
2017-03-31,49.25,49.58,48.67,48.68
2017-04-03,48.64,48.92,47.31,47.73
2017-04-04,47.68,48.085,47.4,47.56
2017-04-05,47.86,48.26,46.84,46.87
2017-04-06,47.05,48.3499,47.05,48.07
2017-04-07,48.07,48.7,47.96,47.98
2017-04-10,48.03,48.95,47.88,48.19
2017-04-11,48.14,49.15,47.95,49.13
2017-04-12,49.18,49.29,47.94,47.96
2017-04-13,47.9,48.17,47.18,47.19
2017-04-17,47.33,48.11,47.22,48.08
2017-04-18,48.07,48.66,47.82,48.57
2017-04-19,48.71,49.27,48.63,48.69
2017-04-20,49.11,50.27,49.09,49.81
2017-04-21,49.68,49.96,49.25,49.69
2017-04-24,49.98,50.35,49.525,49.93
2017-04-25,50.2,50.38,49.51,49.57
2017-04-26,50.5,51.7699,50.5,51.57
2017-04-27,51.73,51.95,50.72,51.9
2017-04-28,51.67,51.7463,50.29,50.49
2017-05-01,50.72,50.72,49.15,49.53
2017-05-02,49.51,50.44,49.4,50.12
