Date,CUR_MKT_CAP
2006-01-03,12407.7722
2006-01-04,12358.1411
2006-01-05,12457.4033
2006-01-06,12531.8499
2006-01-09,12581.481
2006-01-10,12593.8888
2006-01-11,12436.7237
2006-01-12,12531.8499
2006-01-13,12585.617
2006-01-17,12556.6655
2006-01-18,12531.8499
2006-01-19,12573.2092
2006-01-20,12573.2092
2006-01-23,12523.5781
2006-01-24,12490.4907
2006-01-25,12428.4518
2006-01-26,12416.0441
2006-01-27,12407.7722
2006-01-30,12424.3159
2006-01-31,12378.8207
2006-02-01,12424.3159
2006-02-02,12341.5974
2006-02-03,12287.8304
2006-02-06,12242.3353
2006-02-07,12097.5779
2006-02-08,12056.2187
2006-02-09,12035.5391
2006-02-10,12101.7138
2006-02-13,12180.2964
2006-02-14,12382.9567
2006-02-15,12362.2771
2006-02-16,12614.5684
2006-02-17,12676.6073
2006-02-21,12577.3451
2006-02-22,12804.8209
2006-02-23,12821.3646
2006-02-24,12883.4035
2006-02-27,12837.9083
2006-02-28,12875.1316
2006-03-01,12837.9083
2006-03-02,12833.7724
2006-03-03,12817.2287
2006-03-06,12817.2287
2006-03-07,12908.219
2006-03-08,12879.4516
2006-03-09,13022.7842
2006-03-10,13104.6885
2006-03-13,12977.7368
2006-03-14,13170.2119
2006-03-15,13084.2124
2006-03-16,13141.5454
2006-03-17,13227.5449
2006-03-20,13129.2598
2006-03-21,13063.7363
2006-03-22,13223.4497
2006-03-23,13190.688
2006-03-24,13342.211
2006-03-27,13174.3071
2006-03-28,13108.7837
2006-03-29,13329.9253
2006-03-30,13239.8306
2006-03-31,13268.4971
2006-04-03,13370.8775
2006-04-04,13280.7827
2006-04-05,13243.9258
2006-04-06,13219.3545
2006-04-07,12994.1177
2006-04-10,13018.689
2006-04-11,13043.2602
2006-04-12,13186.5928
2006-04-13,13112.8789
2006-04-17,13133.355
2006-04-18,13137.4502
2006-04-19,13252.1162
2006-04-20,13198.8784
2006-04-21,13227.5449
2006-04-24,13125.1646
2006-04-25,13137.4502
2006-04-26,13166.1167
2006-04-27,13182.4976
2006-04-28,13162.0215
2006-05-01,13321.7349
2006-05-02,13370.8775
2006-05-03,13293.0684
2006-05-04,13317.6397
2006-05-05,13444.5913
2006-05-08,13477.3531
2006-05-09,13460.9722
2006-05-10,13469.1626
2006-05-11,13415.9248
2006-05-12,13350.4014
2006-05-15,13387.2583
2006-05-16,13469.1626
2006-05-17,13411.8296
2006-05-18,13407.7344
2006-05-19,13370.8775
2006-05-22,13821.3511
2006-05-23,13837.732
2006-05-24,14148.9683
2006-05-25,14296.3961
2006-05-26,14374.2052
2006-05-30,14202.2061
2006-05-31,14411.0621
2006-06-01,14591.2516
2006-06-02,14722.2985
2006-06-05,14759.1554
2006-06-06,14791.9171
2006-06-07,14701.5919
2006-06-08,14450.3882
2006-06-09,14499.8053
2006-06-12,14380.3806
2006-06-13,14376.2625
2006-06-14,14438.0339
2006-06-15,14610.9938
2006-06-16,14508.0415
2006-06-19,14619.23
2006-06-20,14767.4813
2006-06-21,14882.7879
2006-06-22,14829.2527
2006-06-23,14874.5518
2006-06-26,15031.0393
2006-06-27,15241.062
2006-06-28,15150.464
2006-06-29,15166.9364
2006-06-30,15282.243
2006-07-03,15533.4466
2006-07-05,15525.2104
2006-07-06,15446.9667
2006-07-07,15228.7078
2006-07-10,15455.2029
2006-07-11,15611.6904
2006-07-12,15372.841
2006-07-13,15175.1725
2006-07-14,14965.1498
2006-07-17,15072.2202
2006-07-18,15109.2831
2006-07-19,15010.4488
2006-07-20,14940.4412
2006-07-21,14804.5442
2006-07-24,14993.9765
2006-07-25,15216.3535
2006-07-26,14952.7955
2006-07-27,14989.8584
2006-07-28,15142.2278
2006-07-31,15105.165
2006-08-01,15171.0545
2006-08-02,15138.1097
2006-08-03,15208.1173
2006-08-04,15117.5192
2006-08-07,14965.1498
2006-08-08,15360.4867
2006-08-09,15430.4943
2006-08-10,15508.7381
2006-08-11,15640.517
2006-08-14,15632.2809
2006-08-15,15694.0523
2006-08-16,15652.8713
2006-08-17,15554.0371
2006-08-18,15628.1628
2006-08-21,15644.6351
2006-08-22,15595.218
2006-08-23,15150.464
2006-08-24,15360.4867
2006-08-25,15364.6048
2006-08-28,15434.6124
2006-08-29,15459.321
2006-08-30,15385.1953
2006-08-31,15471.6752
2006-09-01,15574.6276
2006-09-05,15591.0999
2006-09-06,15685.8161
2006-09-07,15459.321
2006-09-08,15311.0696
2006-09-11,15422.2581
2006-09-12,15306.9515
2006-09-13,15311.0696
2006-09-14,15397.5496
2006-09-15,15360.4867
2006-09-18,15311.0696
2006-09-19,15138.1097
2006-09-20,14993.9765
2006-09-21,14849.8432
2006-09-22,14903.3784
2006-09-25,15039.2755
2006-09-26,14923.9689
2006-09-27,14936.3232
2006-09-28,14804.5442
2006-09-29,15031.0393
2006-10-02,14915.7327
2006-10-03,14825.1346
2006-10-04,14969.2679
2006-10-05,14989.8584
2006-10-06,14985.7403
2006-10-09,15063.984
2006-10-10,15010.4488
2006-10-11,14998.0945
2006-10-12,14676.3435
2006-10-13,14490.7712
2006-10-16,14615.8308
2006-10-17,14660.2068
2006-10-18,14636.0017
2006-10-19,14640.0359
2006-10-20,14813.5056
2006-10-23,14890.155
2006-10-24,14773.1638
2006-10-25,14704.5827
2006-10-26,14789.3005
2006-10-27,14720.7195
2006-10-30,14833.6765
2006-10-31,15079.7614
2006-11-01,15035.3854
2006-11-02,15099.9323
2006-11-03,14950.6677
2006-11-06,14970.8386
2006-11-07,14954.7018
2006-11-08,15035.3854
2006-11-09,15027.3171
2006-11-10,15083.7956
2006-11-13,15116.069
2006-11-14,15128.1715
2006-11-15,15103.9665
2006-11-16,15216.9235
2006-11-17,15148.3424
2006-11-20,15087.8297
2006-11-21,15200.7868
2006-11-22,15128.1715
2006-11-24,15128.1715
2006-11-27,15087.8297
2006-11-28,15063.6247
2006-11-29,15188.6842
2006-11-30,15358.1197
2006-12-01,15329.8805
2006-12-04,15559.8287
2006-12-05,15749.4351
2006-12-06,15121.0701
2006-12-07,14981.0602
2006-12-08,15117.1809
2006-12-11,15136.6268
2006-12-12,15268.8583
2006-12-13,15292.1933
2006-12-14,15346.6416
2006-12-15,15439.9816
2006-12-18,15397.2008
2006-12-19,15436.0924
2006-12-20,15463.3166
2006-12-21,15381.6441
2006-12-22,15354.42
2006-12-26,15334.9741
2006-12-27,15323.3066
2006-12-28,15241.6342
2006-12-29,15124.9593
2007-01-03,15089.9568
2007-01-04,15027.7302
2007-01-05,14763.267
2007-01-08,14817.7153
2007-01-09,14911.0552
2007-01-10,14794.3803
2007-01-11,14739.932
2007-01-12,14693.2621
2007-01-16,14584.3655
2007-01-17,14623.2571
2007-01-18,14634.9246
2007-01-19,14712.7079
2007-01-22,14833.272
2007-01-23,14883.8311
2007-01-24,14965.5035
2007-01-25,14961.6144
2007-01-26,14848.8286
2007-01-29,14844.9395
2007-01-30,14856.607
2007-01-31,14965.5035
2007-02-01,15070.511
2007-02-02,15152.1834
2007-02-05,15136.6268
2007-02-06,15152.1834
2007-02-07,15156.0726
2007-02-08,15117.1809
2007-02-09,15179.4076
2007-02-12,15194.9642
2007-02-13,15163.8509
2007-02-14,15187.1859
2007-02-15,15393.3116
2007-02-16,16447.2751
2007-02-20,16486.1667
2007-02-21,16369.4918
2007-02-22,16451.1642
2007-02-23,16287.8193
2007-02-26,16217.8144
2007-02-27,15727.7797
2007-02-28,15891.1246
2007-03-01,15731.6689
2007-03-02,15486.6515
2007-03-05,15397.2008
2007-03-06,15509.9865
2007-03-07,15287.9569
2007-03-08,15412.7566
2007-03-09,15635.056
2007-03-12,15677.9558
2007-03-13,15303.5569
2007-03-14,15248.957
2007-03-15,15416.6566
2007-03-16,15186.5572
2007-03-19,15397.1566
2007-03-20,15459.5565
2007-03-21,15674.0558
2007-03-22,15728.6557
2007-03-23,15592.1561
2007-03-26,15611.656
2007-03-27,15295.7569
2007-03-28,15018.8577
2007-03-29,15065.6576
2007-03-30,15190.4572
2007-04-02,15022.7577
2007-04-03,15120.2574
2007-04-04,14995.4578
2007-04-05,14987.6578
2007-04-09,15034.4576
2007-04-10,14968.1578
2007-04-11,15046.1576
2007-04-12,15198.2572
2007-04-13,15256.757
2007-04-16,15369.8567
2007-04-17,15408.8566
2007-04-18,15451.7565
2007-04-19,15447.8565
2007-04-20,15482.9564
2007-04-23,15443.9565
2007-04-24,15576.5561
2007-04-25,15588.2561
2007-04-26,15572.6561
2007-04-27,15287.9569
2007-04-30,15248.957
2007-05-01,15381.5567
2007-05-02,15393.2566
2007-05-03,15365.9567
2007-05-04,15393.2566
2007-05-07,15362.0567
2007-05-08,15237.2571
2007-05-09,15120.2574
2007-05-10,15073.4575
2007-05-11,15081.2575
2007-05-14,15139.7574
2007-05-15,15159.2573
2007-05-16,15241.1571
2007-05-17,15276.257
2007-05-18,15404.9566
2007-05-21,15404.9566
2007-05-22,15428.3565
2007-05-23,15202.1572
2007-05-24,15229.4571
2007-05-25,15299.6569
2007-05-29,15354.2567
2007-05-30,15397.1566
2007-05-31,15482.9564
2007-06-01,15518.0563
2007-06-04,15451.7565
2007-06-05,15315.2569
2007-06-06,15036.6981
2007-06-07,14951.4604
2007-06-08,15021.2003
2007-06-11,15098.6891
2007-06-12,14947.586
2007-06-13,15331.1555
2007-06-14,15245.9178
2007-06-15,15257.5411
2007-06-18,15218.7967
2007-06-19,15067.6936
2007-06-20,14943.7116
2007-06-21,15048.3214
2007-06-22,14947.586
2007-06-25,14904.9672
2007-06-26,14804.2318
2007-06-27,14881.7205
2007-06-28,14831.3528
2007-06-29,15036.6981
2007-07-02,14997.9537
2007-07-03,14897.2183
2007-07-05,14684.1241
2007-07-06,14742.2407
2007-07-09,14792.6084
2007-07-10,14618.2587
2007-07-11,15071.568
2007-07-12,15129.6846
2007-07-13,15211.0479
2007-07-16,15032.8237
2007-07-17,14811.9806
2007-07-18,15133.5591
2007-07-19,15211.0479
2007-07-20,14947.586
2007-07-23,15090.9402
2007-07-24,14730.6174
2007-07-25,15013.4515
2007-07-26,14804.2318
2007-07-27,14525.2721
2007-07-30,14533.021
2007-07-31,14269.5592
2007-08-01,14490.4022
2007-08-02,14416.7878
2007-08-03,14153.326
2007-08-06,14711.2452
2007-08-07,14540.7699
2007-08-08,14316.0524
2007-08-09,13657.3978
2007-08-10,13940.2318
2007-08-13,14083.5861
2007-08-14,13909.2363
2007-08-15,13703.8911
2007-08-16,13975.1018
2007-08-17,14110.7072
2007-08-20,13901.4874
2007-08-21,13928.6085
2007-08-22,14463.2811
2007-08-23,14405.1645
2007-08-24,14846.8506
2007-08-27,14614.3842
2007-08-28,14339.2991
2007-08-29,14350.9224
2007-08-30,14606.6354
2007-08-31,14626.0076
2007-09-04,14792.6084
2007-09-05,14722.8685
2007-09-06,14211.4426
2007-09-07,13769.7565
2007-09-10,13676.77
2007-09-11,13638.0256
2007-09-12,13610.9045
2007-09-13,13734.8866
2007-09-14,13823.9987
2007-09-17,13599.2812
2007-09-18,13808.4525
2007-09-19,13700.0166
2007-09-20,13583.7834
2007-09-21,13715.5144
2007-09-24,13800.752
2007-09-25,14083.5861
2007-09-26,14207.5681
2007-09-27,14277.3126
2007-09-28,14212.0141
2007-10-01,14173.6033
2007-10-02,14077.5762
2007-10-03,14019.9599
2007-10-04,13939.2971
2007-10-05,13981.549
2007-10-08,13716.5142
2007-10-09,13847.1111
2007-10-10,13781.8126
2007-10-11,13923.9328
2007-10-12,13962.3436
2007-10-15,13931.6149
2007-10-16,13854.7932
2007-10-17,13977.708
2007-10-18,13923.9328
2007-10-19,13681.9444
2007-10-22,13754.925
2007-10-23,13689.6266
2007-10-24,13697.3088
2007-10-25,13897.0452
2007-10-26,14008.4366
2007-10-29,14054.5296
2007-10-30,13973.8669
2007-10-31,14204.332
2007-11-01,13989.2312
2007-11-02,14154.3979
2007-11-05,14181.9715
2007-11-06,14166.6147
2007-11-07,13659.8415
2007-11-08,13821.0875
2007-11-09,13671.3591
2007-11-12,13456.3644
2007-11-13,13636.8064
2007-11-14,13567.7009
2007-11-15,13437.1684
2007-11-16,13536.9874
2007-11-19,13414.1333
2007-11-20,13256.7265
2007-11-21,13398.7765
2007-11-23,13460.2036
2007-11-26,13490.9171
2007-11-27,13740.4645
2007-11-28,14028.4038
2007-11-29,13993.8511
2007-11-30,14097.5093
2007-12-03,14078.3133
2007-12-04,14105.1877
2007-12-05,14112.6914
2007-12-06,14181.7396
2007-12-07,14189.4116
2007-12-10,14296.82
2007-12-11,14197.0837
2007-12-12,14128.0354
2007-12-13,14120.3634
2007-12-14,13959.2509
2007-12-17,13778.9583
2007-12-18,13909.3827
2007-12-19,13963.0869
2007-12-20,13848.0065
2007-12-21,13943.9068
2007-12-24,14012.955
2007-12-26,13920.8907
2007-12-27,13755.9422
2007-12-28,13771.2862
2007-12-31,13706.074
2008-01-02,13418.373
2008-01-03,13391.521
2008-01-04,13291.7846
2008-01-07,13422.2091
2008-01-08,13234.2444
2008-01-09,13165.1962
2008-01-10,13184.3763
2008-01-11,12946.5435
2008-01-14,12919.6914
2008-01-15,12601.3023
2008-01-16,12585.9583
2008-01-17,12405.6656
2008-01-18,12202.357
2008-01-22,11891.6399
2008-01-23,12083.4406
2008-01-24,12110.2927
2008-01-25,11972.1962
2008-01-28,12137.1447
2008-01-29,12259.8972
2008-01-30,12248.3891
2008-01-31,12106.4566
2008-02-01,12436.3538
2008-02-04,12344.2894
2008-02-05,12079.6046
2008-02-06,12091.1126
2008-02-07,12171.6689
2008-02-08,11918.492
2008-02-11,11964.5242
2008-02-12,12117.9647
2008-02-13,12079.6046
2008-02-14,12087.2766
2008-02-15,12827.6271
2008-02-19,12493.8939
2008-02-20,12367.3055
2008-02-21,12566.7782
2008-02-22,12532.2541
2008-02-25,12643.4984
2008-02-26,12750.9068
2008-02-27,12589.7943
2008-02-28,12608.9743
2008-02-29,12386.4856
2008-03-03,12286.7492
2008-03-04,12161.9647
2008-03-05,12260.6573
2008-03-06,12040.4969
2008-03-07,11987.3547
2008-03-10,11987.3547
2008-03-11,12048.0887
2008-03-12,12366.9417
2008-03-13,12264.4532
2008-03-14,12029.1093
2008-03-17,11994.9465
2008-03-18,12260.6573
2008-03-19,12382.1251
2008-03-20,12674.4071
2008-03-24,12685.7947
2008-03-25,12849.017
2008-03-26,12632.6525
2008-03-27,12738.9368
2008-03-28,12818.6501
2008-03-31,12886.9757
2008-04-01,13099.5444
2008-04-02,13080.5651
2008-04-03,12735.141
2008-04-04,12970.4849
2008-04-07,12951.5055
2008-04-08,12811.0583
2008-04-09,12837.6294
2008-04-10,12659.2236
2008-04-11,12681.9988
2008-04-14,12685.7947
2008-04-15,12807.2625
2008-04-16,13027.4229
2008-04-17,13243.7874
2008-04-18,13365.2552
2008-04-21,13262.7668
2008-04-22,13072.9733
2008-04-23,13137.5031
2008-04-24,13148.8907
2008-04-25,13156.4824
2008-04-28,13110.932
2008-04-29,13209.6246
2008-04-30,13209.6246
2008-05-01,13551.2528
2008-05-02,13486.7231
2008-05-05,13414.6015
2008-05-06,13494.3148
2008-05-07,13277.9503
2008-05-08,13414.6015
2008-05-09,13437.3768
2008-05-12,13581.6198
2008-05-13,13566.4363
2008-05-14,13642.3537
2008-05-15,13543.6611
2008-05-16,13646.1496
2008-05-19,12792.079
2008-05-20,12594.6938
2008-05-21,12488.4095
2008-05-22,12678.2029
2008-05-23,12454.2467
2008-05-27,12549.1434
2008-05-28,12488.4095
2008-05-29,12606.0814
2008-05-30,12708.5699
2008-06-02,12621.2649
2008-06-03,12602.2855
2008-06-04,12449.5786
2008-06-05,12408.7116
2008-06-06,12137.5032
2008-06-09,12267.5346
2008-06-10,12390.1357
2008-06-11,12300.9713
2008-06-12,12408.7116
2008-06-13,12869.3943
2008-06-16,12735.6477
2008-06-17,12542.4582
2008-06-18,12449.5786
2008-06-19,12572.1796
2008-06-20,12416.1419
2008-06-23,12427.2875
2008-06-24,12457.009
2008-06-25,12483.0152
2008-06-26,12141.2184
2008-06-27,11955.4592
2008-06-30,12431.0027
2008-07-01,12653.9137
2008-07-02,12564.7493
2008-07-03,12884.255
2008-07-07,12947.4131
2008-07-08,13032.8623
2008-07-09,13010.5712
2008-07-10,13018.0016
2008-07-11,12947.4131
2008-07-14,12965.989
2008-07-15,13077.4445
2008-07-16,13203.7608
2008-07-17,13229.767
2008-07-18,13129.4571
2008-07-21,13044.0079
2008-07-22,13114.5964
2008-07-23,13530.6969
2008-07-24,13404.3806
2008-07-25,13348.6529
2008-07-28,13211.1911
2008-07-29,13541.8424
2008-07-30,13694.1649
2008-07-31,13515.8361
2008-08-01,13318.9314
2008-08-04,13523.2665
2008-08-05,13616.1461
2008-08-06,13657.0131
2008-08-07,13434.1021
2008-08-08,13891.0696
2008-08-11,14099.1199
2008-08-12,14047.1073
2008-08-13,14039.677
2008-08-14,14076.8288
2008-08-15,14106.5503
2008-08-18,14024.8162
2008-08-19,13820.4812
2008-08-20,13917.0759
2008-08-21,13805.6204
2008-08-22,13961.6581
2008-08-25,13861.3482
2008-08-26,13645.8675
2008-08-27,13801.9052
2008-08-28,13883.6393
2008-08-29,13675.589
2008-09-02,13898.5
2008-09-03,13575.2791
2008-09-04,13460.1084
2008-09-05,13608.7157
2008-09-08,13976.5188
2008-09-09,13913.3607
2008-09-10,13961.6581
2008-09-11,14489.2141
2008-09-12,14563.5178
2008-09-15,14563.5178
2008-09-16,14362.8979
2008-09-17,14188.2843
2008-09-18,14296.0246
2008-09-19,14340.6068
2008-09-22,13917.0759
2008-09-23,14065.6832
2008-09-24,13980.234
2008-09-25,14084.2592
2008-09-26,13980.234
2008-09-29,14024.8162
2008-09-30,14340.6068
2008-10-01,14478.7127
2008-10-02,14233.4941
2008-10-03,14291.1926
2008-10-06,14042.3679
2008-10-07,13945.0017
2008-10-08,13616.8416
2008-10-09,12495.3274
2008-10-10,12304.2012
2008-10-13,12855.9429
2008-10-14,12982.1583
2008-10-15,12506.1459
2008-10-16,12971.3399
2008-10-17,13270.6507
2008-10-20,13216.5584
2008-10-21,13259.8323
2008-10-22,12985.7645
2008-10-23,13342.7738
2008-10-24,12906.4291
2008-10-27,12953.3091
2008-10-28,14056.7925
2008-10-29,13501.4447
2008-10-30,13694.4168
2008-10-31,13698.0263
2008-11-03,13799.0921
2008-11-04,14062.5851
2008-11-05,13824.3586
2008-11-06,13286.5441
2008-11-07,13434.5333
2008-11-10,13463.4093
2008-11-11,13376.7814
2008-11-12,13239.6207
2008-11-13,14022.8807
2008-11-14,13546.4276
2008-11-17,13593.351
2008-11-18,13564.4751
2008-11-19,13333.4675
2008-11-20,12784.8246
2008-11-21,13091.6315
2008-11-24,12099.0209
2008-11-25,11200.2571
2008-11-26,11507.064
2008-11-28,11568.4254
2008-12-01,10792.3844
2008-12-02,10943.9831
2008-12-03,10954.8116
2008-12-04,10676.8806
2008-12-05,10864.5742
2008-12-08,10777.9464
2008-12-09,10496.4059
2008-12-10,10240.1319
2008-12-11,10280.6483
2008-12-12,10305.802
2008-12-15,10194.4073
2008-12-16,10586.0853
2008-12-17,10374.0761
2008-12-18,10230.3411
2008-12-19,10198.0007
2008-12-22,9989.5849
2008-12-23,10003.9584
2008-12-24,10381.2628
2008-12-26,10226.7477
2008-12-29,10330.9556
2008-12-30,10600.4588
2008-12-31,10783.7209
2009-01-02,10934.6427
2009-01-05,10923.8626
2009-01-06,10708.26
2009-01-07,10528.5913
2009-01-08,10507.031
2009-01-09,10442.3502
2009-01-12,10532.1846
2009-01-13,10427.9767
2009-01-14,10463.9105
2009-01-15,10568.1184
2009-01-16,10679.513
2009-01-20,10661.5462
2009-01-21,10772.9408
2009-01-22,10776.5342
2009-01-23,10869.962
2009-01-26,10887.9288
2009-01-27,11046.0374
2009-01-28,11178.9923
2009-01-29,11128.685
2009-01-30,10913.0825
2009-02-02,11042.444
2009-02-03,11247.2664
2009-02-04,11096.3446
2009-02-05,11038.8506
2009-02-06,10981.3566
2009-02-09,11143.0585
2009-02-10,10841.215
2009-02-11,10869.962
2009-02-12,11006.5102
2009-02-13,11096.3446
2009-02-17,10701.0733
2009-02-18,10553.7449
2009-02-19,10622.019
2009-02-20,10582.4919
2009-02-23,10287.8351
2009-02-24,10295.0218
2009-02-25,10309.3953
2009-02-26,9881.7836
2009-02-27,9619.4672
2009-03-02,9511.6659
2009-03-03,9587.1268
2009-03-04,9583.5334
2009-03-05,9443.3917
2009-03-06,9540.4129
2009-03-09,9217.0091
2009-03-10,9454.1719
2009-03-11,9195.4488
2009-03-12,9259.47
2009-03-13,9517.4629
2009-03-16,9676.4996
2009-03-17,9683.5679
2009-03-18,9520.997
2009-03-19,9316.0164
2009-03-20,9358.4262
2009-03-23,9520.997
2009-03-24,9478.5873
2009-03-25,9630.5557
2009-03-26,9616.4191
2009-03-27,9701.2386
2009-03-30,9542.2019
2009-03-31,9669.4313
2009-04-01,9803.729
2009-04-02,9863.8095
2009-04-03,9694.1703
2009-04-06,9411.4384
2009-04-07,9245.3334
2009-04-08,9252.4017
2009-04-09,9231.1968
2009-04-13,9181.7188
2009-04-14,9164.048
2009-04-15,9238.2651
2009-04-16,9390.2335
2009-04-17,9344.2896
2009-04-20,9333.6872
2009-04-21,9386.6994
2009-04-22,9273.6066
2009-04-23,9142.8431
2009-04-24,8789.4282
2009-04-27,8856.5771
2009-04-28,8930.7942
2009-04-29,9036.8186
2009-04-30,9089.8309
2009-05-01,9118.1041
2009-05-04,9188.787
2009-05-05,9326.6189
2009-05-06,9326.6189
2009-05-07,9323.0847
2009-05-08,9330.153
2009-05-11,9404.3701
2009-05-12,9581.0776
2009-05-13,9545.7361
2009-05-14,9453.8482
2009-05-15,9503.3263
2009-05-18,9598.7483
2009-05-19,9566.941
2009-05-20,9520.997
2009-05-21,9467.9848
2009-05-22,9665.8971
2009-05-26,9980.4364
2009-05-27,9902.6851
2009-05-28,9849.6729
2009-05-29,9796.6607
2009-06-01,10012.2437
2009-06-02,10181.8829
2009-06-03,10181.8829
2009-06-04,10174.8146
2009-06-05,10167.7463
2009-06-08,10217.2244
2009-06-09,10231.361
2009-06-10,10120.6524
2009-06-11,10176.7031
2009-06-12,10194.219
2009-06-15,10026.0669
2009-06-16,9892.9465
2009-06-17,9906.9592
2009-06-18,10117.1493
2009-06-19,10008.5511
2009-06-22,10040.0796
2009-06-23,10068.1049
2009-06-24,10194.219
2009-06-25,10341.352
2009-06-26,10344.8552
2009-06-29,10400.9059
2009-06-30,10306.3203
2009-07-01,10481.4787
2009-07-02,10232.7538
2009-07-06,10404.409
2009-07-07,10309.8235
2009-07-08,10306.3203
2009-07-09,10225.7475
2009-07-10,10103.1366
2009-07-13,10309.8235
2009-07-14,10295.8108
2009-07-15,10418.4217
2009-07-16,10520.0136
2009-07-17,10484.9819
2009-07-20,10463.9629
2009-07-21,10527.0199
2009-07-22,10495.4914
2009-07-23,10628.6118
2009-07-24,10695.172
2009-07-27,10730.2037
2009-07-28,10684.6625
2009-07-29,10905.3621
2009-07-30,10915.8716
2009-07-31,10870.3304
2009-08-03,10845.8082
2009-08-04,10954.4064
2009-08-05,10772.2417
2009-08-06,10765.2354
2009-08-07,10800.267
2009-08-10,10807.2734
2009-08-11,10800.267
2009-08-12,10754.7259
2009-08-13,10723.1973
2009-08-14,10719.6942
2009-08-17,10649.6308
2009-08-18,10520.0136
2009-08-19,10740.7132
2009-08-20,10705.6815
2009-08-21,10901.8589
2009-08-24,10898.3557
2009-08-25,10919.3747
2009-08-26,10922.8779
2009-08-27,11031.4761
2009-08-28,11003.4508
2009-08-31,10985.9349
2009-09-01,10800.267
2009-09-02,10803.7702
2009-09-03,10817.7829
2009-09-04,10926.3811
2009-09-08,11343.2581
2009-09-09,11336.2517
2009-09-10,11602.4925
2009-09-11,11605.9957
2009-09-14,11444.85
2009-09-15,11322.2391
2009-09-16,11196.125
2009-09-17,11161.0933
2009-09-18,11311.7296
2009-09-21,11493.8943
2009-09-22,11427.3341
2009-09-23,11444.85
2009-09-24,11451.8563
2009-09-25,11395.8056
2009-09-28,11490.3911
2009-09-29,11528.926
2009-09-30,11427.3341
2009-10-01,11276.6979
2009-10-02,11168.0997
2009-10-05,11143.5775
2009-10-06,11294.2137
2009-10-07,11146.5742
2009-10-08,11184.5582
2009-10-09,11170.7458
2009-10-12,11263.9793
2009-10-13,11191.4644
2009-10-14,11150.0273
2009-10-15,11236.3546
2009-10-16,11263.9793
2009-10-19,11381.3843
2009-10-20,11315.7756
2009-10-21,11205.2767
2009-10-22,11156.9335
2009-10-23,11011.9037
2009-10-26,10994.6383
2009-10-27,11067.1531
2009-10-28,11004.9975
2009-10-29,11160.3866
2009-10-30,10963.5604
2009-11-02,10922.1234
2009-11-03,10783.9998
2009-11-04,10915.2172
2009-11-05,11098.231
2009-11-06,11115.4964
2009-11-09,11274.3385
2009-11-10,11298.5102
2009-11-11,11405.556
2009-11-12,11436.6338
2009-11-13,11457.3523
2009-11-16,11560.945
2009-11-17,11595.4759
2009-11-18,11661.0846
2009-11-19,11757.7711
2009-11-20,11781.9428
2009-11-23,11947.6911
2009-11-24,12223.9383
2009-11-25,12217.0321
2009-11-27,12141.0641
2009-11-30,12075.4554
2009-12-01,12279.1877
2009-12-02,12223.9383
2009-12-03,12206.6728
2009-12-04,12248.1099
2009-12-07,12223.9383
2009-12-08,12109.9863
2009-12-09,12099.627
2009-12-10,11947.5246
2009-12-11,11933.8076
2009-12-14,11944.0954
2009-12-15,11841.2177
2009-12-16,11796.6374
2009-12-17,11422.8486
2009-12-18,11323.4002
2009-12-21,11477.7167
2009-12-22,11584.0236
2009-12-23,11776.0619
2009-12-24,11834.3592
2009-12-28,11752.0571
2009-12-29,11673.1842
2009-12-30,11728.0523
2009-12-31,11590.8821
2010-01-04,11614.8869
2010-01-05,11635.4624
2010-01-06,11505.1507
2010-01-07,11330.2587
2010-01-08,11258.2444
2010-01-11,11292.5369
2010-01-12,11426.2779
2010-01-13,11597.7406
2010-01-14,11539.4433
2010-01-15,11313.1125
2010-01-19,11333.688
2010-01-20,11271.9614
2010-01-21,11186.23
2010-01-22,11241.0981
2010-01-25,11237.6689
2010-01-26,11234.2396
2010-01-27,11333.688
2010-01-28,11494.863
2010-01-29,11354.2635
2010-02-01,11436.5656
2010-02-02,11542.8726
2010-02-03,11426.2779
2010-02-04,11124.5034
2010-02-05,11134.7912
2010-02-08,11210.2348
2010-02-09,11426.2779
2010-02-10,11426.2779
2010-02-11,11508.58
2010-02-12,11330.2587
2010-02-16,11518.8678
2010-02-17,11529.1555
2010-02-18,11608.0284
2010-02-19,11635.4624
2010-02-22,11488.0045
2010-02-23,11381.6976
2010-02-24,11367.9805
2010-02-25,11409.1316
2010-02-26,11429.7071
2010-03-01,11436.5656
2010-03-02,11608.0284
2010-03-03,11673.1842
2010-03-04,11710.9061
2010-03-05,11793.2082
2010-03-08,11714.3353
2010-03-09,11680.0428
2010-03-10,11528.2397
2010-03-11,11654.1384
2010-03-12,11735.8025
2010-03-15,11807.2585
2010-03-16,11909.3385
2010-03-17,11953.5732
2010-03-18,11922.9492
2010-03-19,12014.8212
2010-03-22,12021.6266
2010-03-23,12086.2773
2010-03-24,11991.0026
2010-03-25,11865.1038
2010-03-26,11882.1172
2010-03-29,12099.8879
2010-03-30,12123.7066
2010-03-31,12028.4319
2010-04-01,12099.8879
2010-04-05,12052.2506
2010-04-06,12021.6266
2010-04-07,12045.4453
2010-04-08,11953.5732
2010-04-09,12031.8346
2010-04-12,12052.2506
2010-04-13,12093.0826
2010-04-14,12123.7066
2010-04-15,12235.9947
2010-04-16,12150.928
2010-04-19,12164.5386
2010-04-20,12249.6053
2010-04-21,12225.7867
2010-04-22,12174.7466
2010-04-23,12110.096
2010-04-26,12072.6666
2010-04-27,11946.7679
2010-04-28,12038.6399
2010-04-29,12154.3306
2010-04-30,12201.968
2010-05-03,12259.8134
2010-05-04,12127.1093
2010-05-05,12154.3306
2010-05-06,11933.1572
2010-05-07,11922.9492
2010-05-10,12181.552
2010-05-11,12208.7733
2010-05-12,12256.4107
2010-05-13,12249.6053
2010-05-14,12025.0292
2010-05-17,12137.3173
2010-05-18,12072.6666
2010-05-19,12120.304
2010-05-20,11895.7279
2010-05-21,12072.6666
2010-05-24,12038.6399
2010-05-25,11970.5866
2010-05-26,11868.5065
2010-05-27,12225.7867
2010-05-28,12184.9547
2010-06-01,12133.9146
2010-06-02,12392.5174
2010-06-03,12470.7788
2010-06-04,12249.6053
2010-06-07,12259.8134
2010-06-08,12491.1948
2010-06-09,12450.3628
2010-06-10,12416.6779
2010-06-11,12382.7247
2010-06-14,12457.4217
2010-06-15,12562.6766
2010-06-16,12559.2813
2010-06-17,12729.0472
2010-06-18,12613.6063
2010-06-21,12600.0251
2010-06-22,12437.0498
2010-06-23,12477.7936
2010-06-24,12379.3294
2010-06-25,12260.4933
2010-06-28,12413.2826
2010-06-29,12233.3307
2010-06-30,12165.4244
2010-07-01,12080.5414
2010-07-02,11988.8678
2010-07-06,12117.8899
2010-07-07,12318.2137
2010-07-08,12386.12
2010-07-09,12325.0043
2010-07-12,12209.5635
2010-07-13,12233.3307
2010-07-14,12182.401
2010-07-15,12240.1214
2010-07-16,12162.0291
2010-07-19,12236.726
2010-07-20,12382.7247
2010-07-21,12206.1682
2010-07-22,12270.6792
2010-07-23,12308.0277
2010-07-26,12291.0511
2010-07-27,12471.003
2010-07-28,12335.1903
2010-07-29,12145.0525
2010-07-30,12189.1916
2010-08-02,12240.1214
2010-08-03,12189.1916
2010-08-04,12355.5622
2010-08-05,12321.609
2010-08-06,12284.2605
2010-08-09,12294.4465
2010-08-10,12365.7481
2010-08-11,12257.098
2010-08-12,12250.3073
2010-08-13,12287.6558
2010-08-16,12314.8184
2010-08-17,12521.9328
2010-08-18,12532.1187
2010-08-19,12396.306
2010-08-20,12440.4451
2010-08-23,12528.7234
2010-08-24,12532.1187
2010-08-25,12647.5595
2010-08-26,12545.7
2010-08-27,12722.2565
2010-08-30,12555.8859
2010-08-31,12650.9548
2010-09-01,12552.4906
2010-09-02,12671.3268
2010-09-03,12294.4465
2010-09-07,12189.1916
2010-09-08,12199.3775
2010-09-09,12212.9588
2010-09-10,12219.7495
2010-09-13,12243.5167
2010-09-14,12114.4946
2010-09-15,12274.0745
2010-09-16,12328.3996
2010-09-17,12325.0043
2010-09-20,12392.9107
2010-09-21,12318.2137
2010-09-22,12403.0966
2010-09-23,12280.8652
2010-09-24,12304.6324
2010-09-27,12301.2371
2010-09-28,12375.9341
2010-09-29,12229.9354
2010-09-30,12011.8396
2010-10-01,12126.0781
2010-10-04,12075.6788
2010-10-05,12079.0387
2010-10-06,12122.7181
2010-10-07,11921.1208
2010-10-08,11984.96
2010-10-11,12052.1591
2010-10-12,12035.3593
2010-10-13,12297.4358
2010-10-14,12280.636
2010-10-15,12300.7958
2010-10-18,12233.5967
2010-10-19,12102.5584
2010-10-20,12179.8374
2010-10-21,12196.6372
2010-10-22,12220.1568
2010-10-25,12186.5573
2010-10-26,12203.3571
2010-10-27,12119.3582
2010-10-28,12055.519
2010-10-29,12179.8374
2010-11-01,12163.0376
2010-11-02,12233.5967
2010-11-03,12206.717
2010-11-04,12317.5955
2010-11-05,12300.7958
2010-11-08,12226.8768
2010-11-09,12112.6383
2010-11-10,11709.4437
2010-11-11,11591.8452
2010-11-12,11598.5651
2010-11-15,11648.9645
2010-11-16,11581.7654
2010-11-17,11571.6855
2010-11-18,11632.1647
2010-11-19,11642.2446
2010-11-22,11702.7237
2010-11-23,11423.8475
2010-11-24,11417.1276
2010-11-26,11470.8868
2010-11-29,11433.9273
2010-11-30,11390.2479
2010-12-01,11501.1264
2010-12-02,11444.0072
2010-12-03,11444.0072
2010-12-06,11447.3672
2010-12-07,11390.2479
2010-12-08,11380.1681
2010-12-09,11503.9223
2010-12-10,11500.5868
2010-12-13,11513.9286
2010-12-14,11587.3082
2010-12-15,11600.6499
2010-12-16,11707.3839
2010-12-17,11804.1116
2010-12-20,11597.3145
2010-12-21,11623.998
2010-12-22,11450.5553
2010-12-23,11500.5868
2010-12-27,11510.5931
2010-12-28,11523.9349
2010-12-29,11557.2892
2010-12-30,11527.2703
2010-12-31,11590.6436
2011-01-03,11570.631
2011-01-04,11493.9159
2011-01-05,11530.6057
2011-01-06,11547.2829
2011-01-07,11500.5868
2011-01-10,11540.6121
2011-01-11,11523.9349
2011-01-12,11640.6752
2011-01-13,11647.346
2011-01-14,11657.3524
2011-01-18,11700.713
2011-01-19,11623.998
2011-01-20,11757.4155
2011-01-21,11780.7635
2011-01-24,11694.0422
2011-01-25,11677.365
2011-01-26,11694.0422
2011-01-27,11570.631
2011-01-28,11490.5805
2011-01-31,11387.182
2011-02-01,11440.549
2011-02-02,11467.2324
2011-02-03,11497.2514
2011-02-04,11480.5742
2011-02-07,11417.2009
2011-02-08,11453.8907
2011-02-09,11513.9286
2011-02-10,11437.2135
2011-02-11,11483.9096
2011-02-14,11500.5868
2011-02-15,11517.264
2011-02-16,11513.9286
2011-02-17,11654.0169
2011-02-18,11200.3975
2011-02-22,11147.0305
2011-02-23,11297.1252
2011-02-24,11173.714
2011-02-25,11200.3975
2011-02-28,11227.081
2011-03-01,11193.7266
2011-03-02,11167.0431
2011-03-03,11267.1062
2011-03-04,11190.3912
2011-03-07,11143.6951
2011-03-08,11273.7771
2011-03-09,10951.8455
2011-03-10,10996.6776
2011-03-11,10977.4639
2011-03-14,10839.7652
2011-03-15,10737.2918
2011-03-16,10695.662
2011-03-17,10708.4712
2011-03-18,10727.6849
2011-03-21,10798.1354
2011-03-22,10737.2918
2011-03-23,10686.0551
2011-03-24,10737.2918
2011-03-25,10746.8987
2011-03-28,10705.2689
2011-03-29,10638.0207
2011-03-30,10654.0322
2011-03-31,10602.7955
2011-04-01,10638.0207
2011-04-04,10589.9863
2011-04-05,10638.0207
2011-04-06,10759.7079
2011-04-07,10695.662
2011-04-08,10654.0322
2011-04-11,10673.2459
2011-04-12,10801.3377
2011-04-13,10788.5285
2011-04-14,10820.5514
2011-04-15,10836.5629
2011-04-18,10650.8299
2011-04-19,10673.2459
2011-04-20,10673.2459
2011-04-21,10532.345
2011-04-25,10493.9175
2011-04-26,10596.3909
2011-04-27,10638.0207
2011-04-28,10692.4597
2011-04-29,10756.5056
2011-05-02,10823.7537
2011-05-03,10807.7423
2011-05-04,10778.9216
2011-05-05,10705.2689
2011-05-06,10766.1124
2011-05-09,10698.8643
2011-05-10,10810.9446
2011-05-11,10782.1239
2011-05-12,10996.6776
2011-05-13,11268.8726
2011-05-16,11262.468
2011-05-17,11240.052
2011-05-18,11297.6933
2011-05-19,11316.907
2011-05-20,11284.8841
2011-05-23,11192.0176
2011-05-24,11272.0749
2011-05-25,11089.5441
2011-05-26,11063.9258
2011-05-27,11092.7464
2011-05-31,11127.9717
2011-06-01,11028.7006
2011-06-02,10923.0249
2011-06-03,10785.3262
2011-06-06,10778.9216
2011-06-07,10801.3377
2011-06-08,10785.3262
2011-06-09,10926.7039
2011-06-10,10820.7752
2011-06-13,10888.1844
2011-06-14,10929.9139
2011-06-15,10836.825
2011-06-16,10936.3338
2011-06-17,10968.4334
2011-06-20,10987.6932
2011-06-21,10984.4832
2011-06-22,10907.4442
2011-06-23,10628.1776
2011-06-24,10881.7645
2011-06-27,10920.284
2011-06-28,10830.4051
2011-06-29,11132.1414
2011-06-30,11090.4119
2011-07-01,11122.5115
2011-07-05,11058.3123
2011-07-06,11103.2517
2011-07-07,10939.5438
2011-07-08,10968.4334
2011-07-11,10958.8035
2011-07-12,11103.2517
2011-07-13,10994.1131
2011-07-14,10933.1238
2011-07-15,10888.1844
2011-07-18,10775.8358
2011-07-19,10891.3944
2011-07-20,10840.035
2011-07-21,10894.6043
2011-07-22,10852.8748
2011-07-25,10762.996
2011-07-26,10782.2557
2011-07-27,10669.9071
2011-07-28,10615.3378
2011-07-29,10608.9179
2011-08-01,10580.0282
2011-08-02,10474.0996
2011-08-03,10576.8183
2011-08-04,10259.0322
2011-08-05,10236.5625
2011-08-08,9851.3673
2011-08-09,9857.7872
2011-08-10,9556.051
2011-08-11,9703.7091
2011-08-12,9851.3673
2011-08-15,9970.1358
2011-08-16,9950.8761
2011-08-17,10050.3848
2011-08-18,9767.9083
2011-08-19,9639.5099
2011-08-22,9706.9191
2011-08-23,9902.7267
2011-08-24,10053.5948
2011-08-25,9857.7872
2011-08-26,9925.1964
2011-08-29,10178.7832
2011-08-30,10175.5733
2011-08-31,10230.1426
2011-09-01,10226.9326
2011-09-02,10098.5342
2011-09-06,10011.8653
2011-09-07,10159.5235
2011-09-08,10098.5342
2011-09-09,9902.7267
2011-09-12,9854.5773
2011-09-13,9909.1466
2011-09-14,10027.9151
2011-09-15,10076.0645
2011-09-16,10066.4346
2011-09-19,9992.6055
2011-09-20,10024.7051
2011-09-21,9844.9474
2011-09-22,9889.8868
2011-09-23,10034.335
2011-09-26,10201.2529
2011-09-27,10390.6406
2011-09-28,10217.8784
2011-09-29,10333.1538
2011-09-30,10365.1747
2011-10-03,10458.0354
2011-10-04,10547.694
2011-10-05,10512.471
2011-10-06,10451.6312
2011-10-07,10490.0563
2011-10-10,10650.161
2011-10-11,10720.607
2011-10-12,10650.161
2011-10-13,10614.9379
2011-10-14,10723.8091
2011-10-17,10595.7254
2011-10-18,10771.8405
2011-10-19,10723.8091
2011-10-20,10656.5652
2011-10-21,10848.6907
2011-10-24,10781.4468
2011-10-25,10669.3735
2011-10-26,10723.8091
2011-10-27,10749.4259
2011-10-28,10717.4049
2011-10-31,10646.9589
2011-11-01,10515.6731
2011-11-02,10480.45
2011-11-03,10662.9693
2011-11-04,10614.9379
2011-11-07,10903.1263
2011-11-08,10915.9347
2011-11-09,10672.5756
2011-11-10,10759.0321
2011-11-11,10819.8719
2011-11-14,10752.6279
2011-11-15,10810.2656
2011-11-16,10682.1819
2011-11-17,10698.1924
2011-11-18,10775.0426
2011-11-21,10762.2342
2011-11-22,10195.4638
2011-11-23,10006.5403
2011-11-25,10198.6659
2011-11-28,10150.6345
2011-11-29,10246.6973
2011-11-30,10438.8228
2011-12-01,10416.4082
2011-12-02,10419.6103
2011-12-05,10451.6312
2011-12-06,10550.8961
2011-12-07,10482.8845
2011-12-08,10390.4541
2011-12-09,10466.9482
2011-12-12,10349.0198
2011-12-13,10291.6492
2011-12-14,10288.4619
2011-12-15,10415.9521
2011-12-16,10428.7012
2011-12-19,10361.7688
2011-12-20,10495.6335
2011-12-21,10642.2473
2011-12-22,10572.1277
2011-12-23,10568.9404
2011-12-27,10597.6257
2011-12-28,10572.1277
2011-12-29,10674.1199
2011-12-30,10594.4385
2012-01-03,10511.5698
2012-01-04,10431.8884
2012-01-05,10138.6609
2012-01-06,10023.9197
2012-01-09,10145.0354
2012-01-10,10326.709
2012-01-11,10285.2747
2012-01-12,10384.0796
2012-01-13,10352.207
2012-01-17,10205.5933
2012-01-18,10202.406
2012-01-19,10282.0874
2012-01-20,10119.5374
2012-01-23,10109.9756
2012-01-24,10074.9158
2012-01-25,10109.9756
2012-01-26,10094.0393
2012-01-27,10020.7324
2012-01-30,10062.1667
2012-01-31,10103.6011
2012-02-01,10106.7883
2012-02-02,10148.2227
2012-02-03,10167.3462
2012-02-06,10151.4099
2012-02-07,10157.7844
2012-02-08,10157.7844
2012-02-09,10221.5295
2012-02-10,10094.0393
2012-02-13,10081.2903
2012-02-14,10138.6609
2012-02-15,10148.2227
2012-02-16,10218.3423
2012-02-17,10486.0718
2012-02-21,10533.8806
2012-02-22,10553.0042
2012-02-23,10690.0562
2012-02-24,10744.2395
2012-02-27,10683.6816
2012-02-28,10565.7532
2012-02-29,10619.9365
2012-03-01,10568.9404
2012-03-02,10578.5022
2012-03-05,10530.6934
2012-03-06,10412.7649
2012-03-07,10466.9482
2012-03-08,10451.012
2012-03-09,10389.7562
2012-03-12,10386.5915
2012-03-13,10411.9092
2012-03-14,10402.4151
2012-03-15,10456.2152
2012-03-16,10380.2621
2012-03-19,10478.3682
2012-03-20,10430.8975
2012-03-21,10389.7562
2012-03-22,10383.4268
2012-03-23,10405.5798
2012-03-26,10411.9092
2012-03-27,10459.3799
2012-03-28,10456.2152
2012-03-29,10500.5212
2012-03-30,10712.5571
2012-04-02,10706.2276
2012-04-03,10750.5336
2012-04-04,10652.4275
2012-04-05,10617.6156
2012-04-09,10519.5095
2012-04-10,10446.7211
2012-04-11,10487.8624
2012-04-12,10487.8624
2012-04-13,10446.7211
2012-04-16,10529.0036
2012-04-17,10661.9216
2012-04-18,10655.5922
2012-04-19,10699.8982
2012-04-20,10706.2276
2012-04-23,10522.6742
2012-04-24,10639.7686
2012-04-25,10646.0981
2012-04-26,10728.3806
2012-04-27,10712.5571
2012-04-30,10706.2276
2012-05-01,10639.7686
2012-05-02,10633.4392
2012-05-03,10646.0981
2012-05-04,10703.0629
2012-05-07,10785.3455
2012-05-08,10747.3689
2012-05-09,10769.5219
2012-05-10,10896.1105
2012-05-11,10886.6163
2012-05-14,10899.2752
2012-05-15,10842.3103
2012-05-16,10810.6632
2012-05-17,10696.7335
2012-05-18,10570.1449
2012-05-21,10364.4385
2012-05-22,10339.1208
2012-05-23,10260.003
2012-05-24,10304.3089
2012-05-25,10310.6384
2012-05-29,10260.003
2012-05-30,10098.6025
2012-05-31,10032.1435
2012-06-01,9915.0491
2012-06-04,9984.6728
2012-06-05,9962.5198
2012-06-06,10057.4613
2012-06-07,9994.167
2012-06-08,10038.473
2012-06-11,9994.167
2012-06-12,9968.8493
2012-06-13,9937.2021
2012-06-14,10028.9788
2012-06-15,10057.4613
2012-06-18,10120.7555
2012-06-19,10269.4971
2012-06-20,10237.85
2012-06-21,10165.0615
2012-06-22,10146.0732
2012-06-25,10127.085
2012-06-26,10203.0381
2012-06-27,10253.6735
2012-06-28,10291.6501
2012-06-29,10563.8155
2012-07-02,10566.9802
2012-07-03,10579.6391
2012-07-05,10503.6859
2012-07-06,10440.3917
2012-07-09,10354.9444
2012-07-10,10320.1325
2012-07-11,10399.2504
2012-07-12,10370.7679
2012-07-13,10554.3214
2012-07-16,10475.2035
2012-07-17,10465.7094
2012-07-18,10525.8389
2012-07-19,10627.1098
2012-07-20,10503.6859
2012-07-23,10396.0857
2012-07-24,10291.6501
2012-07-25,10313.8031
2012-07-26,10364.4385
2012-07-27,10481.5329
2012-07-30,10529.0036
2012-07-31,10478.3682
2012-08-01,10430.8975
2012-08-02,10275.8265
2012-08-03,10377.0974
2012-08-06,10370.7679
2012-08-07,10367.6032
2012-08-08,10525.8389
2012-08-09,10494.1918
2012-08-10,10541.6625
2012-08-13,10870.7928
2012-08-14,10930.9223
2012-08-15,10962.5695
2012-08-16,11013.2049
2012-08-17,11013.2049
2012-08-20,11032.1932
2012-08-21,11016.3696
2012-08-22,10965.7342
2012-08-23,10981.5578
2012-08-24,11073.3345
2012-08-27,11196.7583
2012-08-28,11228.4055
2012-08-29,11187.2642
2012-08-30,11104.9816
2012-08-31,11120.8052
2012-09-04,11114.4757
2012-09-05,10984.7225
2012-09-06,11116.8907
2012-09-07,11072.6507
2012-09-10,10968.3706
2012-09-11,10930.4506
2012-09-12,10946.2506
2012-09-13,10955.7306
2012-09-14,10917.8105
2012-09-17,10939.9306
2012-09-18,11034.7307
2012-09-19,11104.2507
2012-09-20,11104.2507
2012-09-21,11091.6107
2012-09-24,11120.0507
2012-09-25,11006.2906
2012-09-26,11015.7706
2012-09-27,10981.0106
2012-09-28,11003.1306
2012-10-01,11072.6507
2012-10-02,11116.8907
2012-10-03,11173.7708
2012-10-04,11097.9307
2012-10-05,11161.1308
2012-10-08,11161.1308
2012-10-09,11091.6107
2012-10-10,11060.0107
2012-10-11,11022.0906
2012-10-12,10958.8906
2012-10-15,11006.2906
2012-10-16,11060.0107
2012-10-17,11120.0507
2012-10-18,11205.3708
2012-10-19,11129.5307
2012-10-22,11063.1707
2012-10-23,10965.2106
2012-10-24,10930.4506
2012-10-25,10981.0106
2012-10-26,10971.5306
2012-10-31,11145.3308
2012-11-01,11129.5307
2012-11-02,11132.6908
2012-11-05,11069.4907
2012-11-06,11154.8108
2012-11-07,11126.3707
2012-11-08,11205.3708
2012-11-09,11211.6908
2012-11-12,11303.3309
2012-11-13,11559.2912
2012-11-14,11496.0911
2012-11-15,11455.0111
2012-11-16,11578.2512
2012-11-19,11676.2113
2012-11-20,11442.3711
2012-11-21,11518.2111
2012-11-23,11597.2112
2012-11-26,11524.5311
2012-11-27,11565.6112
2012-11-28,11543.4911
2012-11-29,11549.8112
2012-11-30,11613.0112
2012-12-03,11578.2512
2012-12-04,11549.8112
2012-12-05,11590.8912
2012-12-06,11511.8911
2012-12-07,11575.0912
2012-12-10,11517.1056
2012-12-11,11454.2221
2012-12-12,11278.1485
2012-12-13,11262.4276
2012-12-14,11186.9674
2012-12-17,11369.3295
2012-12-18,11397.627
2012-12-19,11312.7344
2012-12-20,11284.4368
2012-12-21,11161.8141
2012-12-24,11117.7956
2012-12-26,11017.1821
2012-12-27,10963.7312
2012-12-28,10866.2618
2012-12-31,10970.0195
2013-01-02,11293.8693
2013-01-03,11315.8785
2013-01-04,11218.4092
2013-01-07,11161.8141
2013-01-08,11001.4612
2013-01-09,11070.633
2013-01-10,11102.0748
2013-01-11,11073.7772
2013-01-14,11171.2466
2013-01-15,11212.1208
2013-01-16,11227.8417
2013-01-17,11356.7528
2013-01-18,11410.2037
2013-01-22,11457.3663
2013-01-23,11432.2129
2013-01-24,11451.078
2013-01-25,11485.6639
2013-01-28,11397.627
2013-01-29,11369.3295
2013-01-30,11488.808
2013-01-31,11542.259
2013-02-01,11567.4124
2013-02-04,11491.9522
2013-02-05,11592.5658
2013-02-06,11661.7376
2013-02-07,11752.9186
2013-02-08,11925.8481
2013-02-11,11985.5874
2013-02-12,12029.6058
2013-02-13,12004.4524
2013-02-14,12174.2378
2013-02-15,12388.0415
2013-02-19,12576.6919
2013-02-20,12579.8361
2013-02-21,12472.9342
2013-02-22,12617.5661
2013-02-25,12570.4035
2013-02-26,12696.1705
2013-02-27,12771.6306
2013-02-28,12941.416
2013-03-01,13240.1124
2013-03-04,13133.2105
2013-03-05,13108.0571
2013-03-06,13020.0203
2013-03-07,13020.0203
2013-03-08,13010.5878
2013-03-11,13048.3178
2013-03-12,13054.6062
2013-03-13,13155.2197
2013-03-14,13167.7964
2013-03-15,13082.9037
2013-03-18,13142.643
2013-03-19,13265.2658
2013-03-20,13504.2229
2013-03-21,13425.6186
2013-03-22,13629.9898
2013-03-25,13708.5942
2013-03-26,13928.6863
2013-03-27,14092.1833
2013-03-28,14261.9686
2013-04-01,14384.5914
2013-04-02,14463.1957
2013-04-03,14299.6987
2013-04-04,14217.9502
2013-04-05,14076.4624
2013-04-08,14208.5177
2013-04-09,14123.625
2013-04-10,14309.1312
2013-04-11,14265.1128
2013-04-12,14305.987
2013-04-15,14230.5269
2013-04-16,14629.8368
2013-04-17,14425.4656
2013-04-18,14453.7632
2013-04-19,14607.8276
2013-04-22,14595.2509
2013-04-23,14692.7203
2013-04-24,14478.9165
2013-04-25,14526.0791
2013-04-26,14526.0791
2013-04-29,14582.6743
2013-04-30,14592.1068
2013-05-01,14510.3583
2013-05-02,14623.5485
2013-05-03,14727.3062
2013-05-06,14554.3767
2013-05-07,14651.8461
2013-05-08,14626.6927
2013-05-09,14482.0607
2013-05-10,14554.3767
2013-05-13,14592.1068
2013-05-14,14978.84
2013-05-15,15136.0487
2013-05-16,15044.8677
2013-05-17,14975.6959
2013-05-20,14394.0239
2013-05-21,14478.9165
2013-05-22,14434.8981
2013-05-23,14387.7355
2013-05-24,14350.0055
2013-05-28,14416.0331
2013-05-29,14041.8765
2013-05-30,13884.6679
2013-05-31,13460.2045
2013-06-03,13560.818
2013-06-04,13686.585
2013-06-05,13491.6462
2013-06-06,13579.6831
2013-06-07,14045.0207
2013-06-10,13759.5828
2013-06-11,13794.0287
2013-06-12,13859.7891
2013-06-13,13947.4697
2013-06-14,14025.7559
2013-06-17,14132.2251
2013-06-18,14320.112
2013-06-19,14010.0986
2013-06-20,13577.9588
2013-06-21,13643.7192
2013-06-24,13653.1135
2013-06-25,13756.4513
2013-06-26,13891.1036
2013-06-27,14053.9389
2013-06-28,14025.7559
2013-07-01,14138.488
2013-07-02,14088.3848
2013-07-03,13847.2633
2013-07-05,13953.7326
2013-07-08,14129.0936
2013-07-09,14197.9855
2013-07-10,14157.2767
2013-07-11,14526.7875
2013-07-12,14320.112
2013-07-15,14473.5529
2013-07-16,14435.9756
2013-07-17,14407.7925
2013-07-18,14523.6561
2013-07-19,14802.355
2013-07-22,14827.4066
2013-07-23,14821.1437
2013-07-24,14533.0504
2013-07-25,14605.0737
2013-07-26,14739.726
2013-07-29,14745.9889
2013-07-30,14576.8907
2013-07-31,14655.1769
2013-08-01,14880.6412
2013-08-02,14846.1952
2013-08-05,14877.5097
2013-08-06,14868.1154
2013-08-07,14742.8575
2013-08-08,14908.8242
2013-08-09,14949.533
2013-08-12,14977.7161
2013-08-13,14996.5048
2013-08-14,14727.2002
2013-08-15,14448.5013
2013-08-16,14404.6611
2013-08-19,14417.1869
2013-08-20,14426.5812
2013-08-21,14226.1685
2013-08-22,14357.6894
2013-08-23,14526.7875
2013-08-26,14216.7742
2013-08-27,14113.4364
2013-08-28,14000.7043
2013-08-29,13568.5644
2013-08-30,13521.5927
2013-09-03,13386.9405
2013-09-04,13440.1751
2013-09-05,13114.5045
2013-09-06,13148.9504
2013-09-09,13148.9504
2013-09-10,12914.0918
2013-09-11,12986.1151
2013-09-12,12907.8289
2013-09-13,13239.7624
2013-09-16,13283.6027
2013-09-17,13139.5561
2013-09-18,13339.9687
2013-09-19,13214.7108
2013-09-20,13089.4529
2013-09-23,13076.9271
2013-09-24,12995.5094
2013-09-25,12926.6176
2013-09-26,12954.8006
2013-09-27,12826.4113
2013-09-30,12748.125
2013-10-01,12904.6975
2013-10-02,12826.4113
2013-10-03,12798.2282
2013-10-04,12688.6275
2013-10-07,12600.947
2013-10-08,12525.7922
2013-10-09,12550.8438
2013-10-10,12838.937
2013-10-11,12801.3597
2013-10-14,12782.571
2013-10-15,12798.2282
2013-10-16,13004.9038
2013-10-17,13036.2183
2013-10-18,13023.6925
2013-10-21,13101.9787
2013-10-22,13368.1518
2013-10-23,13355.626
2013-10-24,13277.3398
2013-10-25,13327.4429
2013-10-28,13421.3864
2013-10-29,13546.6443
2013-10-30,13455.8323
2013-10-31,13330.5744
2013-11-01,13368.1518
2013-11-04,13249.1567
2013-11-05,13258.5511
2013-11-06,13393.2033
2013-11-07,13089.4529
2013-11-08,13130.1617
2013-11-11,13142.6875
2013-11-12,13029.9554
2013-11-13,13208.4479
2013-11-14,13321.18
2013-11-15,13283.6027
2013-11-18,13092.5843
2013-11-19,12275.2764
2013-11-20,12087.3895
2013-11-21,12178.2015
2013-11-22,12328.511
2013-11-25,12150.0185
2013-11-26,12140.6241
2013-11-27,12124.9669
2013-11-29,12128.0983
2013-12-02,12093.6524
2013-12-03,12153.1499
2013-12-04,12538.318
2013-12-05,12557.1067
2013-12-06,13286.7341
2013-12-09,13324.3115
2013-12-10,12826.4113
2013-12-11,12726.2049
2013-12-12,12779.4395
2013-12-13,12760.6508
2013-12-16,12829.5427
2013-12-17,13383.809
2013-12-18,13568.5644
2013-12-19,13527.8556
2013-12-20,13371.2832
2013-12-23,13399.4662
2013-12-24,13411.992
2013-12-26,13408.8606
2013-12-27,13559.1701
2013-12-30,13581.0902
2013-12-31,13552.9072
2014-01-02,13477.7524
2014-01-03,13283.6027
2014-01-06,13277.3398
2014-01-07,13424.5178
2014-01-08,13336.8373
2014-01-09,13305.5228
2014-01-10,13411.992
2014-01-13,13230.368
2014-01-14,13349.3631
2014-01-15,13249.1567
2014-01-16,13418.2549
2014-01-17,13086.3214
2014-01-21,13183.3963
2014-01-22,13252.2882
2014-01-23,13108.2416
2014-01-24,13242.8938
2014-01-27,13130.1617
2014-01-28,13142.6875
2014-01-29,12870.2515
2014-01-30,12889.0402
2014-01-31,12904.6975
2014-02-03,12488.2149
2014-02-04,12541.4495
2014-02-05,12475.6891
2014-02-06,12532.0551
2014-02-07,12625.9986
2014-02-10,12729.3364
2014-02-11,12807.6226
2014-02-12,12795.0968
2014-02-13,12829.5427
2014-02-14,13468.3581
2014-02-18,13543.5129
2014-02-19,13637.4563
2014-02-20,13681.2966
2014-02-21,13772.1086
2014-02-24,13837.869
2014-02-25,13759.5828
2014-02-26,13543.5129
2014-02-27,13505.9355
2014-02-28,13562.3015
2014-03-03,13474.621
2014-03-04,13775.24
2014-03-05,13709.4796
2014-03-06,13717.0032
2014-03-07,13776.6151
2014-03-10,13764.0652
2014-03-11,13685.6286
2014-03-12,13870.7391
2014-03-13,13811.1272
2014-03-14,13820.5396
2014-03-17,13770.3402
2014-03-18,13920.9386
2014-03-19,13801.7148
2014-03-20,14005.6501
2014-03-21,13974.2755
2014-03-24,13883.289
2014-03-25,13905.2512
2014-03-26,13820.5396
2014-03-27,13851.9143
2014-03-28,13980.5504
2014-03-31,14080.9493
2014-04-01,13980.5504
2014-04-02,13983.6879
2014-04-03,14077.8119
2014-04-04,13902.1138
2014-04-07,14058.9871
2014-04-08,14018.2
2014-04-09,14102.9116
2014-04-10,14021.3375
2014-04-11,13886.4264
2014-04-14,13993.1003
2014-04-15,13858.1892
2014-04-16,14018.2
2014-04-17,13974.2755
2014-04-21,13936.6259
2014-04-22,14033.8873
2014-04-23,14096.6367
2014-04-24,14077.8119
2014-04-25,14099.7741
2014-04-28,14331.9467
2014-04-29,14244.0976
2014-04-30,14272.3348
2014-05-01,14181.3483
2014-05-02,14115.4615
2014-05-05,14178.2108
2014-05-06,14087.2243
2014-05-07,14218.9979
2014-05-08,14193.8981
2014-05-09,14244.0976
2014-05-12,14272.3348
2014-05-13,14316.2593
2014-05-14,14215.8604
2014-05-15,14128.0113
2014-05-16,14156.2485
2014-05-19,13823.6771
2014-05-20,13817.4022
2014-05-21,13920.9386
2014-05-22,13883.289
2014-05-23,13823.6771
2014-05-27,14024.4749
2014-05-28,13996.2377
2014-05-29,14162.5235
2014-05-30,14400.9709
2014-06-02,14266.0599
2014-06-03,14244.0976
2014-06-04,14352.1663
2014-06-05,14556.2106
2014-06-06,14556.2106
2014-06-09,14396.1143
2014-06-10,14330.1923
2014-06-11,14261.1311
2014-06-12,14207.7657
2014-06-13,14226.6005
2014-06-16,14330.1923
2014-06-17,14342.7489
2014-06-18,14443.2015
2014-06-19,14631.5501
2014-06-20,14575.0455
2014-06-23,14462.0363
2014-06-24,14333.3314
2014-06-25,14226.6005
2014-06-26,14207.7657
2014-06-27,14336.4706
2014-06-30,14380.4186
2014-07-01,14458.8972
2014-07-02,14499.7061
2014-07-03,14399.2534
2014-07-07,14333.3314
2014-07-08,14257.992
2014-07-09,14220.3222
2014-07-10,14210.9048
2014-07-11,14217.1831
2014-07-14,14210.9048
2014-07-15,13856.1815
2014-07-16,13988.0256
2014-07-17,13730.6158
2014-07-18,13796.5378
2014-07-21,13862.4598
2014-07-22,13856.1815
2014-07-23,13736.8941
2014-07-24,13664.6938
2014-07-25,13655.2763
2014-07-28,13642.7197
2014-07-29,13583.076
2014-07-30,13432.3971
2014-07-31,13055.6998
2014-08-01,13171.8481
2014-08-04,13256.605
2014-08-05,13124.761
2014-08-06,13247.1876
2014-08-07,13228.3527
2014-08-08,13394.7274
2014-08-11,13548.5454
2014-08-12,13535.9889
2014-08-13,13614.4674
2014-08-14,13724.3375
2014-08-15,13645.8589
2014-08-18,13768.2855
2014-08-19,13846.7641
2014-08-20,13881.2947
2014-08-21,13953.495
2014-08-22,13815.3727
2014-08-25,13896.9904
2014-08-26,13953.495
2014-08-27,14000.5822
2014-08-28,14053.9476
2014-08-29,14069.6433
2014-09-02,14013.1387
2014-09-03,13959.7733
2014-09-04,13890.7121
2014-09-05,13981.7473
2014-09-08,13620.7457
2014-09-09,13567.3803
2014-09-10,13630.1632
2014-09-11,13849.9032
2014-09-12,13623.8849
2014-09-15,13655.2763
2014-09-16,13686.6678
2014-09-17,13529.7106
2014-09-18,13623.8849
2014-09-19,13517.154
2014-09-22,13432.3971
2014-09-23,13366.4751
2014-09-24,13502.0492
2014-09-25,13316.6592
2014-09-26,13392.0721
2014-09-29,13464.3427
2014-09-30,13426.6363
2014-10-01,13269.453
2014-10-02,13231.7378
2014-10-03,13341.7404
2014-10-06,13373.1697
2014-10-07,13297.7394
2014-10-08,13398.3132
2014-10-09,13162.5934
2014-10-10,13260.0242
2014-10-13,13181.4509
2014-10-14,13291.4535
2014-10-15,13187.7368
2014-10-16,13074.5913
2014-10-17,13212.8803
2014-10-20,13436.0283
2014-10-21,13483.1723
2014-10-22,13489.4581
2014-10-23,13505.1728
2014-10-24,13568.0314
2014-10-27,13712.6062
2014-10-28,13747.1785
2014-10-29,13656.0335
2014-10-30,13800.6083
2014-10-31,13882.3245
2014-11-03,13932.6114
2014-11-04,13973.4695
2014-11-05,14102.3296
2014-11-06,14045.7569
2014-11-07,13860.324
2014-11-10,13951.4689
2014-11-11,13951.4689
2014-11-12,13788.0366
2014-11-13,13781.7507
2014-11-14,13750.3214
2014-11-17,14004.8988
2014-11-18,14004.8988
2014-11-19,14089.7579
2014-11-20,14052.0427
2014-11-21,14089.7579
2014-11-24,14014.3276
2014-11-25,14030.0422
2014-11-26,13970.3265
2014-11-28,14231.1898
2014-12-01,14162.0453
2014-12-02,13989.1841
2014-12-03,13762.8931
2014-12-04,13718.8921
2014-12-05,13718.8921
2014-12-08,13876.0386
2014-12-09,13904.325
2014-12-10,13850.8952
2014-12-11,13918.6819
2014-12-12,13708.7423
2014-12-15,13498.8027
2014-12-16,13385.9994
2014-12-17,13530.137
2014-12-18,13802.7451
2014-12-19,13881.0808
2014-12-22,13943.7493
2014-12-23,13981.3505
2014-12-24,13965.6833
2014-12-26,14047.1524
2014-12-29,14053.4193
2014-12-30,13971.9502
2014-12-31,13787.078
2015-01-02,13787.0914
2015-01-05,13577.1516
2015-01-06,13486.2822
2015-01-07,14081.6338
2015-01-08,14266.5062
2015-01-09,14225.7716
2015-01-12,14272.7731
2015-01-13,14266.5062
2015-01-14,14282.1734
2015-01-15,14441.9783
2015-01-16,14586.116
2015-01-20,14708.3198
2015-01-21,14761.5881
2015-01-22,14861.8579
2015-01-23,14633.1175
2015-01-26,14651.9181
2015-01-27,14586.116
2015-01-28,14357.3757
2015-01-29,14557.9152
2015-01-30,14332.3082
2015-02-02,14517.1806
2015-02-03,14648.7846
2015-02-04,14861.8579
2015-02-05,15015.3959
2015-02-06,15074.9311
2015-02-09,14899.459
2015-02-10,15049.8637
2015-02-11,14987.1951
2015-02-12,14952.7273
2015-02-13,14689.5192
2015-02-17,14695.7861
2015-02-18,14827.3901
2015-02-19,14611.1835
2015-02-20,14614.3169
2015-02-23,14792.9224
2015-02-24,14796.0558
2015-02-25,14780.3887
2015-02-26,14561.0486
2015-02-27,14598.6498
2015-03-02,14648.7846
2015-03-03,14711.4532
2015-03-04,14510.9137
2015-03-05,14501.5134
2015-03-06,14131.7687
2015-03-09,14253.9725
2015-03-10,14147.4359
2015-03-11,13937.0134
2015-03-12,14117.8516
2015-03-13,14133.4411
2015-03-16,14111.6158
2015-03-17,14080.4368
2015-03-18,14167.738
2015-03-19,14124.0874
2015-03-20,14264.3929
2015-03-23,14245.6855
2015-03-24,14152.1485
2015-03-25,14155.2664
2015-03-26,14043.022
2015-03-27,14308.0435
2015-03-30,14482.6459
2015-03-31,14513.8249
2015-04-01,14520.0607
2015-04-02,14538.7681
2015-04-06,14548.1218
2015-04-07,14379.7552
2015-04-08,14414.0521
2015-04-09,14407.8163
2015-04-10,14286.2182
2015-04-13,14379.7552
2015-04-14,14501.3533
2015-04-15,14520.0607
2015-04-16,14501.3533
2015-04-17,14401.5805
2015-04-20,14467.0564
2015-04-21,14357.9299
2015-04-22,14376.6373
2015-04-23,14364.1657
2015-04-24,14283.1003
2015-04-27,14217.6244
2015-04-28,14177.0917
2015-04-29,14011.843
2015-04-30,13940.1313
2015-05-01,14202.0349
2015-05-04,14261.275
2015-05-05,14152.1485
2015-05-06,14092.9084
2015-05-07,14180.2096
2015-05-08,14289.3361
2015-05-11,14279.9824
2015-05-12,14320.5151
2015-05-13,14283.1003
2015-05-14,14491.9996
2015-05-15,14607.3619
2015-05-18,14588.6545
2015-05-19,14566.8292
2015-05-20,14560.5934
2015-05-21,14632.3051
2015-05-22,14937.8593
2015-05-26,14884.855
2015-05-27,15003.3352
2015-05-28,15087.5185
2015-05-29,15071.929
2015-06-01,15065.6932
2015-06-02,14863.0297
2015-06-03,14772.6106
2015-06-04,14675.9557
2015-06-05,14510.707
2015-06-08,14429.6416
2015-06-09,14520.0607
2015-06-10,14604.244
2015-06-11,14541.6982
2015-06-12,14510.6461
2015-06-15,14386.4377
2015-06-16,14765.2734
2015-06-17,14830.4828
2015-06-18,14979.5329
2015-06-19,14988.8485
2015-06-22,14998.1641
2015-06-23,14995.0589
2015-06-24,14908.113
2015-06-25,14811.8515
2015-06-26,14858.4297
2015-06-29,14597.592
2015-06-30,14796.3255
2015-07-01,14855.3245
2015-07-02,14799.4307
2015-07-06,14678.3275
2015-07-07,14898.7974
2015-07-08,14771.4838
2015-07-09,14631.7493
2015-07-10,14787.0098
2015-07-13,14852.2192
2015-07-14,14945.3755
2015-07-15,14777.6942
2015-07-16,14911.2182
2015-07-17,14858.4297
2015-07-20,14783.9046
2015-07-21,14737.3265
2015-07-22,15004.3745
2015-07-23,14967.112
2015-07-24,14991.9537
2015-07-27,14991.9537
2015-07-28,15215.5288
2015-07-29,15125.4777
2015-07-30,15268.3174
2015-07-31,15311.7903
2015-08-03,15488.7873
2015-08-04,15426.6831
2015-08-05,15526.0498
2015-08-06,15678.2051
2015-08-07,15612.9957
2015-08-10,15675.0999
2015-08-11,15625.4165
2015-08-12,15650.2582
2015-08-13,15606.7853
2015-08-14,15743.4145
2015-08-17,15703.0468
2015-08-18,15597.4696
2015-08-19,15560.2071
2015-08-20,15411.157
2015-08-21,15094.4256
2015-08-24,14597.592
2015-08-25,14330.544
2015-08-26,14728.0108
2015-08-27,14818.0619
2015-08-28,14842.9036
2015-08-31,14901.9026
2015-09-01,14554.1191
2015-09-02,14833.588
2015-09-03,15069.5839
2015-09-04,14886.3766
2015-09-08,15333.5268
2015-09-09,15128.5829
2015-09-10,15262.107
2015-09-11,15339.7372
2015-09-14,15373.8945
2015-09-15,15609.8905
2015-09-16,16010.4626
2015-09-17,16013.5678
2015-09-18,15886.2542
2015-09-21,15982.5157
2015-09-22,15873.8333
2015-09-23,15948.3584
2015-09-24,15880.0437
2015-09-25,16044.6199
2015-09-28,15774.4666
2015-09-29,15671.6698
2015-09-30,15699.5498
2015-10-01,15495.0963
2015-10-02,15674.7676
2015-10-05,15910.1989
2015-10-06,15727.4298
2015-10-07,15749.1143
2015-10-08,15900.9055
2015-10-09,15885.4166
2015-10-12,15764.6032
2015-10-13,15581.8342
2015-10-14,15327.8162
2015-10-15,15334.0117
2015-10-16,15330.914
2015-10-19,15303.0339
2015-10-20,15330.914
2015-10-21,15399.0651
2015-10-22,15931.8833
2015-10-23,15931.8833
2015-10-26,15987.6434
2015-10-27,15857.5366
2015-10-28,15733.6254
2015-10-29,15860.6344
2015-10-30,15733.6254
2015-11-02,15718.1365
2015-11-03,15560.1497
2015-11-04,15625.2031
2015-11-05,15612.812
2015-11-06,15107.8738
2015-11-09,15076.896
2015-11-10,14962.2781
2015-11-11,15138.8516
2015-11-12,14962.2781
2015-11-13,14860.0514
2015-11-16,15079.9938
2015-11-17,14881.7358
2015-11-18,15191.5139
2015-11-19,15324.7184
2015-11-20,15123.3627
2015-11-23,15423.8474
2015-11-24,15900.9055
2015-11-25,16269.5414
2015-11-27,16449.2126
2015-11-30,16182.8035
2015-12-01,16359.377
2015-12-02,16322.2036
2015-12-03,16244.7591
2015-12-04,16455.4082
2015-12-07,16455.4082
2015-12-08,16570.026
2015-12-09,16582.4172
2015-12-10,16630.0632
2015-12-11,16428.543
2015-12-14,16509.1511
2015-12-15,16496.7498
2015-12-16,16654.8656
2015-12-17,16475.0477
2015-12-18,16186.7188
2015-12-21,16326.2328
2015-12-22,16478.148
2015-12-23,16608.361
2015-12-24,16530.8532
2015-12-28,16614.5616
2015-12-29,16642.4644
2015-12-30,16496.7498
2015-12-31,16292.1294
2016-01-04,16016.2018
2016-01-05,16075.1077
2016-01-06,16047.2049
2016-01-07,15755.7757
2016-01-08,15845.6847
2016-01-11,15935.5702
2016-01-12,16580.4337
2016-01-13,16366.5126
2016-01-14,16583.534
2016-01-15,16428.5187
2016-01-19,16843.9597
2016-01-20,16772.6527
2016-01-21,16769.5523
2016-01-22,16943.1695
2016-01-25,16930.7682
2016-01-26,17098.1847
2016-01-27,17051.6801
2016-01-28,17278.0024
2016-01-29,17488.8232
2016-02-01,17628.337
2016-02-02,17457.8202
2016-02-03,17451.6196
2016-02-04,17157.0905
2016-02-05,17312.1058
2016-02-08,17433.0177
2016-02-09,17736.8477
2016-02-10,17947.6684
2016-02-11,17774.0513
2016-02-12,18056.1791
2016-02-16,18428.2158
2016-02-17,18880.8604
2016-02-18,18899.4622
2016-02-19,18893.2616
2016-02-22,18834.3558
2016-02-23,18880.8604
2016-02-24,18766.1491
2016-02-25,19414.1129
2016-02-26,19215.6934
2016-02-29,19144.3863
2016-03-01,18945.9668
2016-03-02,19054.4775
2016-03-03,19181.59
2016-03-04,19206.3925
2016-03-07,19237.3955
2016-03-08,19380.0096
2016-03-09,19609.4322
2016-03-10,19504.0844
2016-03-11,19782.3167
2016-03-14,19633.9262
2016-03-15,19680.2982
2016-03-16,19862.695
2016-03-17,19899.7926
2016-03-18,19890.5182
2016-03-21,19881.2438
2016-03-22,19569.0053
2016-03-23,19609.1944
2016-03-24,19528.8162
2016-03-28,19593.7371
2016-03-29,19837.9632
2016-03-30,19834.8717
2016-03-31,19720.4873
2016-04-01,20144.0187
2016-04-04,20239.8543
2016-04-05,19909.067
2016-04-06,19970.8964
2016-04-07,19742.1276
2016-04-08,19850.3291
2016-04-11,19751.402
2016-04-12,19779.2253
2016-04-13,19417.5233
2016-04-14,19092.9189
2016-04-15,19173.2971
2016-04-18,19272.2242
2016-04-19,19111.4677
2016-04-20,18981.626
2016-04-21,18496.2652
2016-04-22,18746.6743
2016-04-25,18870.3331
2016-04-26,18854.8757
2016-04-27,19055.8213
2016-04-28,19009.4492
2016-04-29,19077.4616
2016-05-02,19368.0597
2016-05-03,19204.2118
2016-05-04,19281.4986
2016-05-05,19494.81
2016-05-06,19760.6764
2016-05-09,20076.0064
2016-05-10,20227.4884
2016-05-11,20236.7628
2016-05-12,20558.2757
2016-05-13,20434.6169
2016-05-16,20366.6046
2016-05-17,19726.6703
2016-05-18,19621.5603
2016-05-19,19779.2253
2016-05-20,18517.9055
2016-05-23,18517.9055
2016-05-24,18830.144
2016-05-25,18749.7657
2016-05-26,18938.3454
2016-05-27,18916.7051
2016-05-31,18725.034
2016-06-01,18876.516
2016-06-02,18774.4975
2016-06-03,19071.2786
2016-06-06,18987.8089
2016-06-07,19043.522
2016-06-08,19043.522
2016-06-09,19293.5261
2016-06-10,19352.169
2016-06-13,19173.1537
2016-06-14,19265.7478
2016-06-15,19077.4732
2016-06-16,19367.6014
2016-06-17,19271.9208
2016-06-20,19262.6614
2016-06-21,19398.4661
2016-06-22,19318.2178
2016-06-23,19333.6502
2016-06-24,19259.5749
2016-06-27,19620.6919
2016-06-28,19367.6014
2016-06-29,19389.2067
2016-06-30,20534.2872
2016-07-01,20389.223
2016-07-05,20737.9942
2016-07-06,20849.1071
2016-07-07,20626.8813
2016-07-08,20710.216
2016-07-11,20589.8436
2016-07-12,20515.7683
2016-07-13,20592.9301
2016-07-14,20534.2872
2016-07-15,20562.0654
2016-07-18,20546.633
2016-07-19,20565.1519
2016-07-20,19932.4254
2016-07-21,19549.7031
2016-07-22,19562.049
2016-07-25,19673.1619
2016-07-26,19324.3908
2016-07-27,18963.2738
2016-07-28,19009.5708
2016-07-29,19219.4508
2016-08-01,19151.5484
2016-08-02,18923.1496
2016-08-03,18787.3449
2016-08-04,18864.5067
2016-08-05,18926.2361
2016-08-08,18935.4955
2016-08-09,18932.409
2016-08-10,18923.1496
2016-08-11,18855.2473
2016-08-12,18815.1232
2016-08-15,18707.0967
2016-08-16,18558.9461
2016-08-17,18651.5402
2016-08-18,18771.9126
2016-08-19,18836.7285
2016-08-22,18923.1496
2016-08-23,18657.7132
2016-08-24,18744.1344
2016-08-25,18867.5932
2016-08-26,18666.9726
2016-08-29,18864.5067
2016-08-30,18744.1344
2016-08-31,18741.0479
2016-09-01,17565.1027
2016-09-02,17818.1933
2016-09-06,17808.9338
2016-09-07,17626.8321
2016-09-08,17333.6172
2016-09-09,16960.1546
2016-09-12,17281.1478
2016-09-13,17111.391
2016-09-14,17126.8243
2016-09-15,17216.331
2016-09-16,17092.8729
2016-09-19,17071.2677
2016-09-20,16981.7598
2016-09-21,17191.6399
2016-09-22,17053.1986
2016-09-23,16899.261
2016-09-26,16803.8205
2016-09-27,16813.0564
2016-09-28,16911.5763
2016-09-29,16742.2453
2016-09-30,16840.7652
2016-10-03,16806.8988
2016-10-04,16517.4966
2016-10-05,16545.2054
2016-10-06,16594.4654
2016-10-07,16585.2283
2016-10-10,16671.4342
2016-10-11,16579.0707
2016-10-12,16733.0082
2016-10-13,16890.0252
2016-10-14,16726.8518
2016-10-17,16526.7325
2016-10-18,16751.4812
2016-10-19,16480.5508
2016-10-20,16375.8732
2016-10-21,16412.8191
2016-10-24,16357.4015
2016-10-25,16452.842
2016-10-26,16520.5749
2016-10-27,16317.3774
2016-10-28,16689.9059
2016-10-31,16729.93
2016-11-01,16443.6061
2016-11-02,16286.5904
2016-11-03,16234.251
2016-11-04,16197.3063
2016-11-07,16579.0707
2016-11-08,17120.9314
2016-11-09,16920.8122
2016-11-10,16412.8191
2016-11-11,16471.3149
2016-11-14,16773.0323
2016-11-15,16914.6545
2016-11-16,16763.7964
2016-11-17,16692.9853
2016-11-18,16696.0635
2016-11-21,16945.4428
2016-11-22,17555.0352
2016-11-23,17493.46
2016-11-25,17708.9727
2016-11-28,17662.791
2016-11-29,17748.9968
2016-11-30,17515.0111
2016-12-01,17595.0593
2016-12-02,17742.8392
2016-12-05,17715.1304
2016-12-06,17742.8392
2016-12-07,18014.7332
2016-12-08,17894.9831
2016-12-09,18149.8368
2016-12-12,18226.5997
2016-12-13,18420.0427
2016-12-14,18146.7656
2016-12-15,18257.3044
2016-12-16,18278.798
2016-12-19,18367.8433
2016-12-20,18463.0298
2016-12-21,18487.5934
2016-12-22,18487.5934
2016-12-23,18509.0869
2016-12-27,18573.5687
2016-12-28,18585.8499
2016-12-29,18714.8123
2016-12-30,18567.4275
2017-01-03,18619.6258
2017-01-04,18748.5882
2017-01-05,18708.6711
2017-01-06,18638.0493
2017-01-09,18346.3498
2017-01-10,18426.1827
2017-01-11,18469.171
2017-01-12,18905.1841
2017-01-13,18951.2423
2017-01-17,19064.8512
2017-01-18,19126.2618
2017-01-19,19110.9095
2017-01-20,19295.1401
2017-01-23,19381.1143
2017-01-24,19436.3837
2017-01-25,19374.9731
2017-01-26,19227.5883
2017-01-27,19215.3072
2017-01-30,19153.8965
2017-01-31,19107.8383
2017-02-01,19187.6724
2017-02-02,19393.3966
2017-02-03,19430.2425
2017-02-06,19221.4472
2017-02-07,19414.8902
2017-02-08,19467.0896
2017-02-09,19602.192
2017-02-10,19427.1725
2017-02-13,19476.3008
2017-02-14,19353.4796
2017-02-15,19482.442
2017-02-16,19206.0948
2017-02-17,17956.3937
2017-02-21,18100.7085
2017-02-22,18168.2591
2017-02-23,18134.4844
2017-02-24,18149.8368
2017-02-27,18106.8497
2017-02-28,18223.5286
2017-03-01,18266.5168
2017-03-02,18370.9145
2017-03-03,18281.8692
2017-03-06,18205.1062
2017-03-07,18143.6956
2017-03-08,18011.6632
2017-03-09,17967.5017
2017-03-10,18016.2024
2017-03-13,17973.5895
2017-03-14,17943.152
2017-03-15,18067.9474
2017-03-16,17906.6268
2017-03-17,18019.2468
2017-03-20,17958.3707
2017-03-21,17377.0066
2017-03-22,17322.2182
2017-03-23,17532.2394
2017-03-24,17483.5388
2017-03-27,17498.7587
2017-03-28,17538.3272
2017-03-29,17523.1084
2017-03-30,17383.0943
2017-03-31,17422.6639
2017-04-03,17316.1305
2017-04-04,17282.6486
2017-04-05,17279.6053
2017-04-06,17224.817
2017-04-07,17170.0287
2017-04-10,17197.4228
2017-04-11,17240.0357
2017-04-12,17358.7434
2017-04-13,17087.8461
2017-04-17,17224.817
2017-04-18,17407.444
2017-04-19,17434.8382
2017-04-20,17501.802
2017-04-21,17456.1446
2017-04-24,17647.9038
2017-04-25,17529.1962
2017-04-26,17471.3645
2017-04-27,17383.0943
2017-04-28,17513.9774
2017-05-01,17306.9995
2017-05-02,17322.2182
2017-05-03,17291.7808
2017-05-04,17422.6639
2017-05-05,17471.3645
2017-05-08,17608.3342
2017-05-09,17401.3563
2017-05-10,17501.802
2017-05-11,17544.4149
2017-05-12,17416.5762
2017-05-15,17498.7587
2017-05-16,17383.0847
2017-05-17,17474.3984
2017-05-18,17331.3497
2017-05-19,16978.2698
2017-05-22,17498.7582
2017-05-23,17690.5171
